perception,LOC,C3,CBO,MPC,RFC,WMC,Readability,Avg-commit-size,number-changes,number-committors,persistance,number-fixes,avg.dev.scattering,NOII_type,NOAM_type,NOCS_type,NOM_type,NMO_type,ATFD_type,FANOUT_type,NOMNAMM_type,NOA_type,NIM_type,DIT_type,LOCNAMM_type,CFNAMM_type,TCC_type,NOC_type,LCOM5_type,WOC_type,WMCNAMM_type,NOCS_package,NOMNAMM_package,NOI_package,LOC_package,NOM_package,isStatic_type,NOPA_type,number_private_visibility_attributes,number_protected_visibility_attributes,number_package_visibility_attributes,num_final_attributes,num_static_attributes,num_final_static_attributes,num_not_final_not_static_attributes,num_final_not_static_attributes,num_static_not_final_attributes,number_public_visibility_methods,number_private_visibility_methods,number_protected_visibility_methods,number_package_visibility_methods,number_final_methods,number_abstract_methods,number_not_abstract_not_final_methods,number_static_methods,number_final_static_methods,number_final_not_static_methods,number_not_final_static_methods,number_not_final_not_static_methods,number_standard_design_methods,number_constructor_DefaultConstructor_methods,number_constructor_NotDefaultConstructor_methods,is_controller,is_procedural,is_test,is_util,is_external
MEDIUM,943,0.61,4,0.45,11,25,0.37,8,18,6,4,8,0.55,0,2,0,5,2,0,2,3,4,18,3,75,4,0.6,0,0.75,0.6,7,11,56,3,1645,81,0,0,4,0,0,0,0,0,4,0,0,5,0,0,0,0,0,5,0,0,0,0,5,3,0,0,FALSE,FALSE,FALSE,FALSE,FALSE
MEDIUM,907,0.23,5,0.45,7,33,0.35,6,28,5,4,9,0.51,0,15,1,29,6,6,9,14,15,14,3,477,23,0.108374,0,0.952381,0.4,56,11,56,3,1645,81,0,0,10,5,0,1,1,1,14,0,0,25,0,4,0,0,0,29,0,0,0,0,29,14,0,0,FALSE,FALSE,FALSE,FALSE,FALSE
MEDIUM,1036,0.42,6,0.51,9,24,0.42,10,14,6,1,12,0.33,0,6,0,8,0,7,3,2,5,0,1,64,9,0.380952,0,0.885714,0.25,7,11,56,3,1645,81,0,0,2,3,0,0,0,0,5,0,0,8,0,0,0,0,0,8,0,0,0,0,8,1,0,1,FALSE,FALSE,FALSE,FALSE,FALSE
MEDIUM,1078,0.72,4,0.46,2,19,0.83,4,6,4,3,18,0.18,0,0,0,1,0,0,0,1,48,0,1,252,0,1,0,0,0,1,15,78,4,2309,96,0,48,0,0,0,48,48,48,0,0,0,0,1,0,0,0,0,1,0,0,0,0,1,0,0,1,FALSE,FALSE,FALSE,FALSE,FALSE
MEDIUM,1030,0.2,5,0.42,6,25,0.42,9,23,6,1,8,0.5,0,0,3,11,2,8,15,11,5,50,3,323,29,0.222222,0,0.96,0.875,49,4,16,0,323,16,0,1,0,4,0,1,1,1,4,0,0,7,0,4,0,0,0,11,0,0,0,0,11,10,0,1,FALSE,FALSE,FALSE,FALSE,FALSE
MEDIUM,894,0.27,5,0.53,6,24,0.35,3,34,5,4,18,0.49,1,0,0,1,0,0,0,1,0,0,1,9,0,1,?,0,?,2,4,16,0,323,16,0,0,0,0,0,0,0,0,0,0,0,1,0,0,1,0,0,2,0,0,0,0,2,1,1,0,FALSE,FALSE,FALSE,FALSE,FALSE
MEDIUM,1100,0.45,5,0.51,8,28,0.47,8,14,5,2,10,0.24,1,10,0,12,0,1,2,2,5,0,1,42,2,0.163636,0,0.890909,0.166667,8,14,99,0,2120,114,0,0,0,0,5,0,0,0,5,0,0,12,0,0,0,0,0,12,1,0,0,1,11,1,0,1,TRUE,FALSE,FALSE,FALSE,FALSE
MEDIUM,1060,0.61,3,0.46,6,23,0.39,10,18,5,3,14,0.4,0,0,0,2,0,0,0,2,1,63,3,21,0,1,0,1,1,3,7,78,0,4403,88,0,0,1,0,0,0,0,0,1,0,0,1,0,1,0,0,0,2,0,0,0,0,2,1,0,1,FALSE,FALSE,FALSE,FALSE,FALSE
MEDIUM,989,0.5,5,0.45,5,24,0.49,5,42,4,3,11,0.35,0,4,0,5,0,0,1,1,15,13,3,89,1,0,0,1,0,1,9,74,4,2503,131,0,10,5,0,0,10,10,10,5,0,0,4,0,0,1,0,0,5,0,0,0,0,5,0,0,1,FALSE,FALSE,FALSE,FALSE,FALSE
MEDIUM,900,0.57,3,0.53,10,31,0.42,9,37,7,4,9,0.35,3,7,0,15,?,0,1,8,13,?,2,155,1,0.032967,3,1,?,8,9,74,4,2503,131,0,0,0,8,5,0,5,0,8,0,5,15,0,0,0,0,2,13,0,0,0,0,15,7,0,1,TRUE,FALSE,FALSE,FALSE,FALSE
MEDIUM,931,0.35,4,0.44,9,24,0.48,2,32,6,1,6,0.28,0,16,0,17,0,0,0,1,8,0,1,1,0,0.066667,0,0.9375,0,1,5,49,1,1904,71,0,0,8,0,0,0,0,0,8,0,0,0,0,0,17,0,0,17,0,0,0,0,17,0,0,1,TRUE,FALSE,FALSE,FALSE,FALSE
MEDIUM,1102,0.64,4,0.43,9,28,0.43,10,41,4,4,17,0.43,0,0,0,13,2,3,3,13,5,3,2,218,3,0.755556,0,0.683333,1,51,6,38,0,752,38,0,0,5,0,0,0,1,0,4,0,1,11,2,0,0,0,0,13,2,0,0,2,11,12,0,1,TRUE,FALSE,FALSE,FALSE,FALSE
MEDIUM,912,0.33,3,0.48,5,26,0.46,7,36,6,1,16,0.4,1,0,0,1,0,0,0,1,0,0,1,8,0,1,0,0,1,2,6,38,0,752,38,0,0,0,0,0,0,0,0,0,0,0,2,0,0,0,0,0,2,0,0,0,0,2,1,1,0,FALSE,FALSE,FALSE,FALSE,FALSE
MEDIUM,1049,0.61,7,0.45,10,27,0.48,3,41,7,2,8,0.28,4,89,0,162,2,101,41,73,77,0,1,2065,71,0.27739,0,0.984028,0.385714,344,9,190,13,4816,331,0,0,76,1,0,3,3,3,74,0,0,140,19,3,0,3,0,159,9,3,0,6,153,70,0,3,FALSE,FALSE,FALSE,FALSE,FALSE
MEDIUM,988,0.32,6,0.53,8,25,0.41,5,20,6,4,15,0.29,0,40,0,41,1,1,0,1,20,0,1,380,0,0.029268,0,0.9725,0.02439,2,9,190,13,4816,331,0,0,20,0,0,0,0,0,20,0,0,42,0,0,0,0,0,42,0,0,0,0,42,1,1,0,FALSE,FALSE,FALSE,FALSE,FALSE
SEVERE,1041,0.12,12,0.46,8,70,0.12,6,178,5,4,14,0.88,1,62,8,201,5,58,48,139,54,73,3,2855,135,0.106476,1,0.983611,0.651042,390,195,2231,11,50650,2992,0,5,10,39,0,21,10,10,33,11,0,187,5,9,0,11,0,190,2,0,11,2,188,134,0,5,FALSE,FALSE,FALSE,FALSE,FALSE
SEVERE,1050,0.26,13,0.49,11,63,0.09,2,211,5,4,12,0.8,0,9,3,29,1,51,31,20,19,0,1,1005,58,0.471429,0,0.947368,0.424242,250,44,404,1,11914,472,0,10,9,0,0,13,13,13,6,0,0,23,6,0,0,2,0,27,1,0,2,1,26,18,0,2,FALSE,FALSE,FALSE,FALSE,FALSE
SEVERE,964,0.28,8,0.41,5,54,0.12,6,97,5,2,18,0.82,1,3,1,45,2,53,41,42,7,59,3,1538,110,0.378917,0,0.827922,0.88,371,44,404,1,11914,472,0,0,7,0,0,1,1,1,6,0,0,25,14,5,1,0,0,45,4,0,0,4,41,38,0,4,FALSE,TRUE,FALSE,FALSE,FALSE
SEVERE,1040,0.26,9,0.41,5,64,0.04,5,115,6,2,7,0.58,1,0,4,40,1,66,37,40,10,555,6,1353,67,0.381818,0,0.94359,1,211,288,938,1,23070,1073,0,0,10,0,0,5,4,4,5,1,0,12,28,0,0,0,0,40,1,0,0,1,39,39,0,1,FALSE,FALSE,FALSE,FALSE,FALSE
SEVERE,1006,0.05,11,0.51,9,48,0.12,8,139,3,4,10,0.64,0,1,2,5,3,0,4,4,1,23,4,57,4,0,0,1,0.75,4,80,455,3,4694,492,0,0,1,0,0,0,1,0,0,0,1,4,1,0,0,1,0,4,1,0,1,1,3,3,0,1,FALSE,FALSE,FALSE,FALSE,FALSE
SEVERE,973,0.38,18,0.47,8,68,0.04,2,54,6,3,8,0.57,1,0,0,1,0,0,1,1,0,0,1,24,1,1,?,0,?,7,80,455,3,4694,492,0,0,0,0,0,0,0,0,0,0,0,1,0,0,1,0,0,2,0,0,0,0,2,1,1,0,FALSE,FALSE,FALSE,FALSE,FALSE
SEVERE,1037,0.12,11,0.52,9,48,0.03,4,114,7,2,17,0.88,0,4,0,8,4,0,0,4,4,4,2,5,0,0.142857,0,0.857143,0.5,4,80,455,3,4694,492,0,0,4,0,0,0,0,0,4,0,0,9,0,0,0,0,0,9,0,0,0,0,9,4,1,0,TRUE,FALSE,FALSE,FALSE,FALSE
NON-SEVERE,956,0.71,6,0.44,3,15,0.83,9,6,7,4,17,0.18,0,5,0,6,0,0,0,1,8,2,2,55,0,0,0,1,0.125,2,324,1378,38,36313,1878,0,2,1,5,0,1,3,1,5,0,2,6,0,0,0,0,0,6,0,0,0,0,6,0,0,1,FALSE,FALSE,FALSE,FALSE,FALSE
NON-SEVERE,900,0.69,4,0.55,4,17,0.75,4,10,3,4,8,0.17,0,1,0,1,1,0,0,0,0,8,2,1,0,1,1,0,0,0,324,1378,38,36313,1878,0,0,0,0,0,0,0,0,0,0,0,1,0,0,0,0,0,1,0,0,0,0,1,0,0,0,FALSE,FALSE,FALSE,FALSE,FALSE
SEVERE,1035,0.17,20,0.48,5,50,0.1,10,75,6,1,17,0.65,0,3,0,4,0,0,0,1,10,0,1,20,0,0,0,1,0.090909,1,34,408,2,6146,432,0,7,3,0,0,7,7,7,3,0,0,4,0,0,0,0,0,4,0,0,0,0,4,0,0,1,TRUE,FALSE,FALSE,FALSE,FALSE
NON-SEVERE,1059,0.71,3,0.43,0,5,0.8,8,9,4,3,7,0.14,0,1,0,2,0,0,2,1,3,539,6,93,2,1,0,1,0.5,2,47,199,0,4448,226,0,0,3,0,0,1,1,1,2,0,0,2,0,0,0,0,0,2,0,0,0,0,2,0,0,1,TRUE,FALSE,TRUE,FALSE,FALSE
NON-SEVERE,1045,0.7,3,0.55,1,7,0.72,10,5,4,1,17,0.16,2,0,0,78,0,0,0,78,8,50,2,2200,0,0.010723,0,0.993506,0.882353,826,16,426,3,13853,439,0,8,0,0,0,8,8,8,0,0,0,60,8,10,0,73,0,5,8,8,65,0,5,74,0,4,FALSE,FALSE,FALSE,FALSE,FALSE
NON-SEVERE,958,0.72,4,0.53,0,12,0.7,3,2,3,3,15,0.18,0,0,0,2,?,0,3,2,2,?,7,25,5,1,2,1,?,6,11,79,0,912,80,0,0,0,0,2,0,0,0,2,0,0,0,0,1,1,0,0,2,0,0,0,0,2,1,0,1,FALSE,FALSE,FALSE,FALSE,FALSE
NON-SEVERE,925,0.73,5,0.41,3,16,0.72,6,5,5,3,13,0.1,0,0,0,1,0,0,0,1,3,0,1,8,0,1,0,0,0.25,1,5,36,0,292,36,1,3,0,0,0,0,0,0,3,0,0,1,0,0,0,0,0,1,0,0,0,0,1,0,0,1,FALSE,FALSE,TRUE,FALSE,FALSE
NON-SEVERE,1065,0.17,19,0.54,7,60,0.05,7,86,7,2,14,0.61,1,1,0,395,0,44,77,394,142,0,1,4124,156,0.000169,0,1,0.755299,937,16,957,3,19269,1001,0,126,0,16,0,138,138,138,4,0,0,393,0,2,0,1,0,394,387,1,0,386,8,392,0,2,FALSE,FALSE,TRUE,FALSE,FALSE
NON-SEVERE,894,0.25,20,0.42,5,66,0.04,7,85,6,1,11,0.88,0,0,0,1,0,0,0,1,0,15,5,7,0,1,0,0,1,1,5,8,0,43,8,0,0,0,0,0,0,0,0,0,0,0,1,0,0,0,0,0,1,0,0,0,0,1,0,0,1,FALSE,FALSE,FALSE,TRUE,FALSE
NON-SEVERE,1099,0.32,14,0.54,6,50,0.04,7,134,5,2,10,0.83,0,0,0,4,0,0,0,4,0,15,4,18,0,1,0,0,1,4,5,8,0,43,8,0,0,0,0,0,0,0,0,0,0,0,4,0,0,0,0,0,4,0,0,0,0,4,0,0,4,FALSE,FALSE,FALSE,TRUE,FALSE
NON-SEVERE,1056,0.69,7,0.49,0,10,0.76,3,7,5,1,8,0.2,0,8,0,34,0,86,50,26,11,0,1,972,57,0.48,0,0.903581,0.75,116,18,159,0,4370,209,0,0,11,0,0,0,0,0,11,0,0,28,5,1,0,0,0,34,0,0,0,0,34,23,0,3,FALSE,FALSE,TRUE,TRUE,FALSE
NON-SEVERE,962,0.73,6,0.49,3,7,0.88,7,2,7,3,9,0.14,0,0,0,6,0,3,1,6,2,32,3,54,2,1,0,1,0.5,9,20,72,0,701,72,0,2,0,0,0,0,0,0,2,0,0,2,4,0,0,0,0,6,0,0,0,0,6,6,0,0,FALSE,FALSE,FALSE,TRUE,FALSE
NON-SEVERE,1015,0.25,17,0.49,11,43,0.1,3,209,5,1,7,0.63,0,0,0,2,2,0,0,2,4,30,3,18,0,1,0,0.5,0.333333,4,20,72,0,701,72,0,4,0,0,0,0,1,0,3,0,1,2,0,0,0,0,0,2,0,0,0,0,2,2,0,0,FALSE,FALSE,FALSE,TRUE,FALSE
SEVERE,1038,0.07,19,0.48,8,43,0.09,4,158,3,2,9,0.64,1,8,2,64,4,7,19,56,13,169,5,1286,52,0.088627,0,0.965812,0.826087,229,31,280,2,7044,294,0,1,12,0,0,7,5,4,5,3,1,45,10,7,2,0,0,64,1,0,0,1,63,53,0,3,FALSE,FALSE,FALSE,TRUE,FALSE
SEVERE,963,0.37,21,0.49,10,41,0.03,10,124,5,3,14,0.65,1,5,24,26,2,25,35,21,35,529,6,1058,57,0.383333,0,0.948571,0.571429,64,1001,2415,4,33723,2606,0,2,25,0,8,2,2,2,33,0,0,12,9,1,4,0,0,26,0,0,0,0,26,20,0,1,FALSE,FALSE,TRUE,FALSE,FALSE
SEVERE,1085,0.09,12,0.55,7,57,0.04,3,106,6,3,8,0.78,0,10,0,11,0,0,0,1,5,0,1,27,0,0.111111,0,0.9,0.090909,1,1001,2415,4,33723,2606,1,0,5,0,0,0,0,0,5,0,0,11,0,0,0,0,0,11,0,0,0,0,11,0,0,1,FALSE,FALSE,TRUE,FALSE,FALSE
SEVERE,922,0.37,10,0.51,9,55,0.04,6,201,4,2,14,0.67,1,7,14,47,1,14,20,40,10,7,2,965,56,0.398671,1,0.917391,0.825,115,38,289,3,2130,306,0,0,10,0,0,4,2,2,6,2,0,40,3,4,0,0,0,47,0,0,0,0,47,39,0,1,FALSE,FALSE,TRUE,FALSE,FALSE
SEVERE,1091,0.37,18,0.49,5,58,0.08,8,134,7,1,6,0.77,0,1,34,31,0,146,60,30,22,533,7,1858,76,0.428571,0,0.981818,0.875,72,119,332,1,4772,380,0,0,20,2,0,20,2,2,2,18,0,8,23,0,0,0,0,31,0,0,0,0,31,29,0,1,FALSE,FALSE,TRUE,FALSE,FALSE
SEVERE,981,0.21,12,0.5,8,45,0.08,10,114,6,4,6,0.61,1,5,0,23,1,8,7,18,7,0,1,440,9,0.785714,1,0.779221,0.73913,38,16,299,6,7166,371,0,1,2,0,4,1,2,1,5,0,1,22,0,1,0,0,0,23,0,0,0,0,23,16,0,2,FALSE,FALSE,TRUE,FALSE,FALSE
SEVERE,970,0.34,18,0.55,8,48,0.03,7,77,3,3,10,0.84,0,0,0,3,0,0,0,3,8,0,1,38,0,1,0,1,0.272727,3,7,47,4,1194,47,0,8,0,0,0,8,3,3,0,5,0,3,0,0,0,0,0,3,0,0,0,0,3,0,0,3,FALSE,TRUE,TRUE,FALSE,FALSE
SEVERE,941,0.13,16,0.54,5,57,0.08,3,101,7,2,13,0.85,1,0,0,1,0,0,0,1,6,0,1,57,0,1,1,0,0.142857,1,7,47,4,1194,47,0,6,0,0,0,6,0,0,0,6,0,1,0,0,0,0,0,1,0,0,0,0,1,0,0,1,FALSE,FALSE,TRUE,FALSE,FALSE
SEVERE,926,0.7,5,0.45,2,17,0.84,6,8,4,3,8,0.12,0,2,1,27,5,26,17,25,31,64,3,1014,39,0.490476,24,0.954094,0.933333,149,138,961,4,27590,1151,0,0,16,14,1,20,19,19,11,1,0,15,4,5,3,7,0,20,4,3,4,1,19,23,0,2,FALSE,FALSE,TRUE,FALSE,FALSE
SEVERE,962,0.05,16,0.43,6,44,0.07,9,114,6,2,11,0.88,0,6,0,7,0,0,0,1,6,0,1,53,0,0,0,1,0,1,66,754,5,10542,826,0,0,6,0,0,0,0,0,6,0,0,0,0,0,7,0,0,7,0,0,0,0,7,0,0,1,FALSE,FALSE,TRUE,FALSE,FALSE
SEVERE,1071,0.72,3,0.42,4,7,0.78,10,6,3,4,17,0.2,1,8,0,9,0,0,0,1,4,0,1,6,0,0.142857,0,0.875,0,1,13,84,0,4557,116,0,0,4,0,0,0,0,0,4,0,0,8,0,0,1,0,0,9,0,0,0,0,9,0,0,1,FALSE,FALSE,TRUE,FALSE,FALSE
SEVERE,922,0.32,7,0.49,10,58,0.12,9,168,7,1,10,0.7,1,6,0,11,0,0,0,5,6,0,1,92,0,0,0,1,0,5,13,84,0,4557,116,0,0,6,0,0,6,0,0,0,6,0,6,0,0,5,0,0,11,0,0,0,0,11,0,0,5,TRUE,FALSE,FALSE,FALSE,FALSE
SEVERE,929,0.11,15,0.53,6,64,0.07,10,77,3,4,10,0.64,0,16,2,83,?,26,18,67,22,?,2,2997,62,0.392888,3,0.953437,?,314,49,726,12,19441,882,0,0,5,12,5,3,3,3,19,0,0,50,14,13,6,2,0,81,2,0,2,2,79,66,0,1,TRUE,FALSE,FALSE,FALSE,FALSE
SEVERE,1045,0.06,21,0.53,9,59,0.05,9,74,6,2,10,0.86,0,2,0,17,5,20,12,15,65,125,5,1031,23,0.346154,0,0.936538,0.9,90,24,244,2,6943,292,0,0,65,0,0,24,24,24,41,0,0,10,3,4,0,0,0,17,1,0,0,1,16,14,0,1,TRUE,FALSE,FALSE,FALSE,FALSE
SEVERE,897,0.06,18,0.43,7,60,0.11,4,68,5,4,13,0.64,0,2,1,39,2,12,16,37,11,92,4,1676,35,0.334454,0,0.966507,0.933333,226,2,75,1,2325,89,0,0,5,1,5,3,3,3,8,0,0,30,3,6,0,0,0,39,3,0,0,3,36,36,0,1,FALSE,FALSE,FALSE,FALSE,FALSE
SEVERE,956,0.22,11,0.44,8,68,0.09,5,211,7,4,11,0.58,2,8,0,10,0,0,0,2,5,0,1,78,0,0.142857,0,0.933333,0.2,2,66,694,5,19469,800,0,0,4,0,1,1,1,1,4,0,0,10,0,0,0,0,0,10,0,0,0,0,10,0,0,2,FALSE,FALSE,FALSE,FALSE,FALSE
SEVERE,895,0.08,15,0.43,8,47,0.12,9,153,4,4,17,0.8,2,11,0,45,1,13,10,34,15,12,2,1157,17,0.44367,0,0.913636,0.744186,121,28,229,3,9478,319,0,0,12,0,3,0,0,0,15,0,0,43,1,1,0,1,0,44,0,0,1,0,44,32,0,2,FALSE,FALSE,FALSE,FALSE,FALSE
SEVERE,926,0.18,20,0.54,5,54,0.03,7,61,7,4,18,0.82,0,1,0,3,1,0,0,2,1,0,1,14,0,1,0,0.5,0.666667,2,9,66,1,790,69,0,0,1,0,0,0,0,0,1,0,0,3,0,0,0,0,0,3,0,0,0,0,3,1,0,1,TRUE,FALSE,FALSE,FALSE,FALSE
SEVERE,896,0.21,20,0.41,10,72,0.12,4,58,6,3,18,0.71,1,10,0,15,2,1,2,5,7,0,1,53,5,0.21978,0,0.867347,0.333333,7,40,196,2,3478,218,0,0,7,0,0,4,0,0,3,4,0,15,0,0,0,0,0,15,0,0,0,0,15,4,0,1,TRUE,TRUE,FALSE,FALSE,FALSE
SEVERE,988,0.34,10,0.46,6,61,0.08,2,44,3,3,13,0.85,0,0,0,1,0,4,1,1,10,2,2,38,1,1,0,0,0,1,5,24,1,527,26,0,10,0,0,0,10,10,10,0,0,0,0,1,0,0,0,0,1,0,0,0,0,1,0,0,1,TRUE,FALSE,TRUE,FALSE,FALSE
MEDIUM,927,0.74,5,0.52,4,6,0.72,4,9,7,4,16,0.1,1,6,0,6,0,0,0,0,3,0,1,61,0,0.333333,5,0.733333,0,0,28,62,0,3268,263,0,0,3,0,0,0,0,0,3,0,0,7,0,0,0,0,0,7,0,0,0,0,7,0,1,0,FALSE,FALSE,FALSE,TRUE,FALSE
NON-SEVERE,901,0.43,4,0.49,7,34,0.35,5,29,5,3,17,0.46,0,0,0,7,0,2,1,7,3,32,3,34,2,1,0,1,0.571429,7,20,72,0,701,72,0,3,0,0,0,0,0,0,3,0,0,4,3,0,0,0,0,7,0,0,0,0,7,7,0,0,FALSE,FALSE,FALSE,FALSE,FALSE
NON-SEVERE,975,0.49,5,0.55,5,24,0.47,4,21,7,3,11,0.44,0,0,0,1,0,0,0,1,2,32,3,4,0,1,0,0,0.333333,1,20,72,0,701,72,0,2,0,0,0,0,0,0,2,0,0,1,0,0,0,0,0,1,0,0,0,0,1,1,0,0,FALSE,FALSE,FALSE,FALSE,FALSE
NON-SEVERE,1036,0.13,9,0.44,8,48,0.11,4,71,5,1,16,0.83,0,0,0,4,0,0,2,4,1,32,3,35,3,1,0,1,0.5,8,20,72,0,701,72,0,1,0,0,0,0,0,0,1,0,0,1,3,0,0,0,0,4,0,0,0,0,4,4,0,0,FALSE,FALSE,FALSE,FALSE,FALSE
NON-SEVERE,1100,0.69,7,0.51,2,7,0.84,4,10,5,1,17,0.2,0,0,0,2,1,4,2,2,1,25,2,16,3,0,0,1,0.5,3,20,72,0,701,72,0,1,0,0,0,0,1,0,0,0,1,2,0,0,1,0,0,3,1,0,0,1,2,2,1,0,FALSE,FALSE,FALSE,FALSE,FALSE
NON-SEVERE,1097,0.05,13,0.55,10,48,0.03,2,174,6,2,8,0.74,0,0,0,4,1,1,3,4,3,31,3,43,10,1,0,1,0.5,11,20,72,0,701,72,0,3,0,0,0,0,0,0,3,0,0,3,1,0,0,0,0,4,0,0,0,0,4,4,0,0,FALSE,FALSE,TRUE,FALSE,FALSE
NON-SEVERE,961,0.72,6,0.51,3,16,0.79,9,7,7,4,9,0.11,0,0,0,4,2,0,0,4,1,0,1,26,0,1,0,0.333333,1,7,20,72,0,701,72,0,0,0,0,1,0,0,0,1,0,0,4,0,0,0,0,0,4,0,0,0,0,4,3,0,1,FALSE,FALSE,FALSE,FALSE,FALSE
NON-SEVERE,1102,0.75,5,0.44,4,5,0.72,4,10,7,4,13,0.16,0,0,0,3,0,0,1,3,1,32,3,24,2,1,0,1,0.666667,4,20,72,0,701,72,0,1,0,0,0,0,0,0,1,0,0,2,1,0,0,0,0,3,0,0,0,0,3,3,0,0,FALSE,FALSE,FALSE,FALSE,FALSE
NON-SEVERE,1056,0.72,3,0.51,1,5,0.75,3,5,5,4,18,0.1,0,0,0,6,3,5,3,6,1,30,3,44,5,0.2,0,0.6,1,14,20,72,0,701,72,0,0,0,0,1,0,0,0,1,0,0,4,0,0,3,0,0,7,0,0,0,0,7,6,1,0,FALSE,FALSE,FALSE,FALSE,FALSE
NON-SEVERE,1003,0.74,7,0.51,2,19,0.82,2,3,3,3,7,0.1,0,0,0,2,0,0,1,2,1,32,3,15,1,1,0,1,0.5,2,20,72,0,701,72,0,1,0,0,0,0,0,0,1,0,0,1,1,0,0,0,0,2,0,0,0,0,2,2,0,0,FALSE,FALSE,FALSE,FALSE,FALSE
NON-SEVERE,1109,0.56,6,0.43,11,23,0.46,9,18,7,4,7,0.48,0,0,0,6,3,2,5,6,7,30,3,70,13,0.2,0,0.9,1,30,20,72,0,701,72,0,0,3,0,4,0,3,0,4,0,3,3,0,0,3,0,0,6,0,0,0,0,6,6,0,0,FALSE,FALSE,FALSE,FALSE,FALSE
SEVERE,1100,0.09,19,0.52,8,57,0.07,8,152,5,2,15,0.73,0,0,0,1,0,5,1,1,9,2,2,32,1,1,0,0,0,1,223,1168,2,29751,1195,0,9,0,0,0,9,9,9,0,0,0,0,1,0,0,0,0,1,0,0,0,0,1,0,0,1,TRUE,FALSE,FALSE,FALSE,FALSE
SEVERE,926,0.14,14,0.46,6,39,0.07,5,156,5,2,12,0.66,0,0,0,1,0,4,1,1,9,2,2,43,1,1,0,0,0,1,223,1168,2,29751,1195,0,9,0,0,0,9,9,9,0,0,0,0,1,0,0,0,0,1,0,0,0,0,1,0,0,1,FALSE,TRUE,FALSE,FALSE,FALSE
SEVERE,962,0.2,15,0.48,5,57,0.12,5,162,5,1,16,0.66,0,0,0,1,0,3,1,1,8,2,2,29,1,1,0,0,0,1,223,1168,2,29751,1195,0,8,0,0,0,8,8,8,0,0,0,0,1,0,0,0,0,1,0,0,0,0,1,0,0,1,TRUE,FALSE,FALSE,FALSE,FALSE
SEVERE,1072,0.27,9,0.44,9,40,0.11,10,40,6,2,15,0.68,0,0,0,1,0,9,1,1,27,2,2,105,1,1,0,0,0,1,223,1168,2,29751,1195,0,27,0,0,0,27,27,27,0,0,0,0,1,0,0,0,0,1,0,0,0,0,1,0,0,1,FALSE,FALSE,FALSE,FALSE,FALSE
SEVERE,1086,0.33,19,0.49,8,69,0.08,7,108,6,3,6,0.78,1,3,0,14,0,0,3,11,4,0,1,174,5,0.076923,0,0.903846,0.785714,12,1,11,0,214,14,0,0,4,0,0,0,0,0,4,0,0,14,0,0,0,0,0,14,1,0,0,1,13,10,0,1,TRUE,FALSE,FALSE,FALSE,FALSE
SEVERE,919,0.08,21,0.43,10,65,0.1,6,146,3,3,13,0.6,0,0,0,8,?,6,2,8,0,?,2,83,2,0,5,0,?,8,12,39,0,420,39,0,0,0,0,0,0,0,0,0,0,0,8,0,0,0,8,0,0,0,0,8,0,0,8,0,0,TRUE,FALSE,FALSE,FALSE,FALSE
SEVERE,906,0.15,21,0.45,5,72,0.03,8,208,5,2,10,0.65,0,3,0,3,0,0,0,0,3,3,2,15,0,0,0,1,0,0,17,53,1,1024,73,0,3,0,0,0,3,3,3,0,0,0,3,0,0,0,0,0,3,0,0,0,0,3,0,0,0,TRUE,FALSE,FALSE,FALSE,FALSE
SEVERE,990,0.12,15,0.47,5,39,0.06,3,39,5,4,9,0.88,0,3,0,3,0,0,0,0,3,3,2,16,0,0,0,1,0,0,17,53,1,1024,73,0,3,0,0,0,3,3,3,0,0,0,3,0,0,0,0,0,3,0,0,0,0,3,0,0,0,TRUE,FALSE,FALSE,FALSE,FALSE
NON-SEVERE,1105,0.71,7,0.46,2,14,0.75,10,6,3,1,16,0.16,0,0,0,5,0,5,1,5,19,32,3,83,6,1,0,1,0.05,21,20,72,0,701,72,0,19,0,0,0,0,0,0,19,0,0,1,4,0,0,0,0,5,0,0,0,0,5,5,0,0,FALSE,FALSE,TRUE,FALSE,FALSE
NON-SEVERE,1065,0.75,5,0.55,0,7,0.77,6,5,6,3,15,0.19,0,0,0,3,0,0,2,3,1,32,3,20,2,1,0,1,0.5,3,20,72,0,701,72,0,1,0,0,0,0,0,0,1,0,0,1,2,0,0,0,0,3,0,0,0,0,3,3,0,0,FALSE,FALSE,TRUE,FALSE,FALSE
NON-SEVERE,1010,0.69,4,0.54,2,5,0.86,4,10,5,1,11,0.1,0,0,0,5,1,4,3,5,1,25,2,49,6,0.1,0,0.75,0.5,8,40,171,0,1752,182,0,1,0,0,0,0,1,0,0,0,1,1,0,4,0,0,0,5,0,0,0,0,5,5,0,0,FALSE,FALSE,TRUE,FALSE,FALSE
NON-SEVERE,1048,0.7,5,0.49,0,15,0.78,3,5,3,3,8,0.13,0,0,0,7,0,5,2,7,4,0,1,72,7,0.714286,1,0.708333,0.5,11,40,171,0,1752,182,0,4,0,0,0,0,0,0,4,0,0,5,0,3,0,0,0,8,1,0,0,1,7,7,1,0,FALSE,FALSE,TRUE,FALSE,FALSE
SEVERE,915,0.06,8,0.48,11,42,0.03,8,187,7,1,11,0.59,1,12,0,65,?,14,20,53,14,?,1,1489,85,0.260652,2,0.926339,?,223,8,153,1,3146,195,0,0,14,0,0,3,2,2,11,1,0,52,7,6,0,51,4,10,0,0,51,0,14,52,0,1,FALSE,FALSE,FALSE,FALSE,FALSE
MEDIUM,976,0.71,6,0.52,4,13,0.7,4,6,4,1,15,0.13,1,6,0,6,0,0,0,0,3,0,1,26,0,0.2,0,0.8,0,0,7,35,1,1379,52,0,0,3,0,0,0,0,0,3,0,0,6,0,0,0,0,0,6,0,0,0,0,6,0,0,0,FALSE,FALSE,FALSE,FALSE,FALSE
MEDIUM,1010,0.74,5,0.46,2,10,0.73,3,5,4,3,11,0.12,0,0,5,16,0,0,14,16,1,0,1,561,23,0.622222,0,0.866667,1,56,6,25,1,613,28,0,0,1,0,0,1,1,1,0,0,0,10,6,0,0,0,0,16,15,0,0,15,1,15,0,1,FALSE,FALSE,TRUE,FALSE,FALSE
MEDIUM,1043,0.41,5,0.52,6,30,0.43,7,31,4,4,8,0.52,1,0,0,1,0,0,0,1,0,0,1,6,0,1,?,0,?,1,6,25,1,613,28,0,0,0,0,0,0,0,0,0,0,0,1,0,0,1,0,0,2,0,0,0,0,2,1,1,0,FALSE,FALSE,FALSE,FALSE,FALSE
MEDIUM,974,0.44,3,0.53,6,27,0.47,2,24,4,2,13,0.45,1,7,0,10,0,0,1,3,4,0,1,21,2,0.133333,0,0.861111,0.3,3,17,102,6,2286,128,0,0,4,0,0,0,0,0,4,0,0,10,0,0,1,0,0,11,0,0,0,0,11,3,1,0,FALSE,FALSE,FALSE,FALSE,FALSE
MEDIUM,1103,0.37,7,0.47,7,26,0.39,10,23,3,4,7,0.31,1,0,2,31,0,6,23,31,9,0,1,1142,47,0.405797,0,0.811111,1,138,38,247,0,5146,397,0,0,8,0,1,7,3,3,2,4,0,24,6,0,1,0,0,31,0,0,0,0,31,30,0,1,FALSE,FALSE,FALSE,FALSE,FALSE
MEDIUM,1074,0.52,3,0.45,11,29,0.39,4,35,6,1,7,0.39,0,6,0,7,0,1,1,1,3,17,2,3,1,0.2,0,0.833333,0,1,38,247,0,5146,397,0,0,3,0,0,0,0,0,3,0,0,0,0,0,7,0,0,7,0,0,0,0,7,0,0,1,FALSE,FALSE,TRUE,FALSE,FALSE
MEDIUM,1024,0.5,4,0.53,8,26,0.43,10,34,6,4,14,0.46,0,7,0,8,0,0,0,1,4,0,1,3,0,0.142857,0,0.892857,0,1,38,247,0,5146,397,0,0,4,0,0,0,0,0,4,0,0,0,0,0,8,0,0,8,0,0,0,0,8,0,0,1,FALSE,FALSE,FALSE,FALSE,FALSE
MEDIUM,1086,0.52,5,0.49,9,24,0.35,2,18,5,3,13,0.39,0,11,0,12,0,1,0,1,6,0,1,1,0,0.090909,0,0.924242,0,1,38,247,0,5146,397,0,0,6,0,0,0,0,0,6,0,0,0,0,0,12,0,0,12,0,0,0,0,12,0,0,1,FALSE,FALSE,TRUE,FALSE,FALSE
MEDIUM,1090,0.26,3,0.49,5,28,0.42,2,36,7,2,7,0.23,0,13,0,14,0,2,0,1,7,0,1,0,0,0.076923,0,0.934066,0,1,38,247,0,5146,397,0,0,7,0,0,0,0,0,7,0,0,0,0,0,14,0,0,14,0,0,0,0,14,0,0,1,FALSE,FALSE,FALSE,FALSE,FALSE
MEDIUM,1004,0.64,6,0.45,7,22,0.49,3,22,5,3,11,0.38,0,9,0,10,0,0,0,1,5,0,1,2,0,0.111111,0,0.911111,0,1,38,247,0,5146,397,0,0,5,0,0,0,0,0,5,0,0,0,0,0,10,0,0,10,0,0,0,0,10,0,0,1,FALSE,FALSE,FALSE,FALSE,FALSE
MEDIUM,1098,0.43,6,0.51,7,28,0.37,8,14,4,1,15,0.52,0,0,1,6,1,0,1,6,1,45,4,59,1,0,0,1,1,11,2,7,0,59,7,0,0,1,0,0,1,0,0,0,1,0,4,1,1,0,0,0,6,0,0,0,0,6,5,0,1,FALSE,FALSE,FALSE,FALSE,FALSE
MEDIUM,1028,0.63,6,0.46,9,30,0.43,10,41,6,2,11,0.36,1,0,0,1,0,0,0,1,0,0,1,5,0,1,?,0,?,1,2,7,0,59,7,0,0,0,0,0,0,0,0,0,0,0,1,0,0,1,0,0,2,0,0,0,0,2,1,1,0,FALSE,FALSE,FALSE,FALSE,FALSE
MEDIUM,905,0.36,3,0.55,11,26,0.45,10,42,7,4,18,0.34,0,2,0,17,2,51,7,15,22,0,1,616,18,0.722222,0,0.825893,0.75,165,4,37,0,1180,39,0,3,10,0,9,3,3,3,19,0,0,9,7,0,1,0,0,17,1,0,0,1,16,14,0,1,FALSE,FALSE,FALSE,FALSE,FALSE
MEDIUM,1075,0.53,4,0.47,8,22,0.48,7,27,3,3,8,0.39,0,0,0,8,1,13,4,8,5,0,1,125,8,0.5,0,0.892857,1,31,4,37,0,1180,39,0,0,0,0,5,3,0,0,2,3,0,5,3,0,0,0,0,8,0,0,0,0,8,6,0,2,FALSE,FALSE,FALSE,FALSE,FALSE
MEDIUM,997,0.3,5,0.48,10,27,0.46,8,22,3,1,12,0.52,1,2,0,65,1,65,24,63,155,0,1,2127,50,0.335994,0,0.945437,0.26,462,1,63,0,2137,65,0,146,9,0,0,15,25,15,130,0,10,54,11,0,0,0,0,65,8,0,0,8,57,62,0,1,FALSE,FALSE,TRUE,FALSE,FALSE
MEDIUM,957,0.21,7,0.48,5,22,0.49,9,33,5,4,13,0.35,0,0,0,16,0,127,18,16,15,0,1,590,26,1,0,1,1,95,3,30,0,1322,30,0,0,14,0,1,12,14,12,1,0,2,4,12,0,0,0,0,16,1,0,0,1,15,14,0,2,FALSE,FALSE,FALSE,FALSE,FALSE
MEDIUM,1068,0.63,5,0.54,11,25,0.37,3,41,3,2,7,0.42,0,0,0,13,0,71,14,13,31,0,1,531,55,1,0,0.997312,0.2,51,3,30,0,1322,30,0,24,6,0,1,24,26,24,5,0,2,6,7,0,0,0,0,13,2,0,0,2,11,11,0,2,FALSE,FALSE,FALSE,FALSE,FALSE
MEDIUM,1011,0.38,5,0.45,6,34,0.36,10,41,5,3,14,0.53,0,7,2,14,0,0,3,7,7,536,6,190,3,0.533333,0,0.868132,0.363636,9,80,263,0,5748,334,0,0,7,0,0,0,0,0,7,0,0,11,3,0,0,0,0,14,0,0,0,0,14,6,0,1,FALSE,FALSE,FALSE,FALSE,FALSE
MEDIUM,1006,0.74,6,0.51,4,17,0.81,3,6,3,4,12,0.11,0,5,35,68,0,36,62,63,109,531,6,1826,103,0.219373,0,0.992743,0.348485,179,80,263,0,5748,334,0,38,70,0,1,42,48,42,61,0,6,28,40,0,0,0,0,68,22,0,0,22,46,62,0,1,FALSE,FALSE,FALSE,FALSE,FALSE
MEDIUM,982,0.59,7,0.53,7,27,0.46,2,14,3,3,7,0.29,1,13,12,59,1,6,19,46,32,50,2,957,32,0.120108,0,0.970905,0.652174,179,83,341,1,6130,466,0,5,27,0,0,2,2,2,30,0,0,41,18,0,0,0,0,59,0,0,0,0,59,44,0,2,TRUE,FALSE,FALSE,FALSE,FALSE
MEDIUM,1085,0.36,5,0.53,8,27,0.48,10,23,3,2,16,0.52,1,0,0,2,0,0,1,2,0,0,1,12,1,0,0,0,1,2,4,12,0,148,12,0,0,0,0,0,0,0,0,0,0,0,3,0,0,0,0,0,3,0,0,0,0,3,2,1,0,FALSE,FALSE,FALSE,FALSE,FALSE
MEDIUM,920,0.53,3,0.5,7,29,0.5,4,22,5,1,13,0.39,1,0,0,4,0,0,2,4,4,0,1,29,2,1,0,0,1,4,4,12,0,148,12,0,0,4,0,0,0,0,0,4,0,0,3,1,0,0,0,0,4,0,0,0,0,4,3,0,1,FALSE,FALSE,FALSE,FALSE,FALSE
MEDIUM,1024,0.42,3,0.52,11,22,0.4,2,17,3,4,7,0.34,0,5,0,9,0,1,3,4,4,0,1,38,4,0.642857,0,0.71875,0.375,4,24,253,17,3812,307,0,0,3,0,1,0,0,0,4,0,0,8,0,0,1,1,0,8,0,0,1,0,8,3,0,1,FALSE,FALSE,FALSE,FALSE,FALSE
MEDIUM,1103,0.39,3,0.43,6,29,0.47,10,17,4,3,8,0.28,0,0,0,12,0,5,9,12,2,0,1,290,20,0.890909,0,0.863636,1,21,12,112,0,2820,121,0,0,1,1,0,1,1,1,1,0,0,11,0,1,0,0,0,12,0,0,0,0,12,11,0,1,FALSE,FALSE,FALSE,FALSE,FALSE
MEDIUM,1008,0.64,3,0.52,11,23,0.41,6,23,4,4,17,0.29,0,1,0,2,0,1,5,1,1,0,1,30,7,1,0,1,0.5,2,12,112,0,2820,121,0,0,1,0,0,0,1,0,0,0,1,3,0,0,0,0,0,3,0,0,0,0,3,1,1,0,FALSE,FALSE,TRUE,FALSE,FALSE
MEDIUM,941,0.36,7,0.45,8,25,0.45,9,38,4,2,7,0.26,0,5,0,9,1,0,0,4,6,0,1,67,0,0.142857,0,0.9375,0.333333,5,12,112,0,2820,121,1,3,3,0,0,0,0,0,6,0,0,9,0,0,0,0,0,9,0,0,0,0,9,2,0,2,FALSE,FALSE,TRUE,FALSE,FALSE
MEDIUM,955,0.35,6,0.46,6,24,0.45,7,38,4,4,11,0.39,0,8,1,73,17,24,13,65,16,31,3,1706,67,0.471441,0,0.894965,0.875,221,26,281,1,5940,330,0,1,15,0,0,2,2,2,14,0,0,71,1,0,1,0,0,73,0,0,0,0,73,62,0,3,FALSE,FALSE,TRUE,FALSE,FALSE
MEDIUM,925,0.51,7,0.45,7,35,0.41,3,24,6,3,7,0.45,0,0,0,1,0,0,0,1,6,0,1,24,0,1,0,0,0.142857,1,5,27,1,796,30,0,6,0,0,0,3,3,3,3,0,0,1,0,0,0,0,0,1,0,0,0,0,1,0,0,1,TRUE,FALSE,FALSE,FALSE,FALSE
MEDIUM,976,0.66,6,0.47,9,23,0.37,9,27,6,3,11,0.54,0,2,0,9,1,3,3,7,3,0,1,93,6,0,0,1,0.75,8,5,34,1,707,39,0,0,3,0,0,0,0,0,3,0,0,8,1,0,0,0,0,9,0,0,0,0,9,4,0,3,TRUE,FALSE,FALSE,FALSE,FALSE
MEDIUM,1079,0.56,6,0.5,8,26,0.46,5,18,3,1,17,0.49,2,0,0,14,0,0,0,14,6,0,1,255,0,0.464286,0,0.846154,1,30,5,34,1,707,39,0,0,6,0,0,0,0,0,6,0,0,10,4,0,0,0,0,14,0,0,0,0,14,12,0,2,TRUE,FALSE,FALSE,FALSE,FALSE
MEDIUM,917,0.52,3,0.44,10,27,0.4,3,41,6,2,9,0.41,1,0,0,8,1,0,2,8,1,0,1,88,8,1,0,0.142857,1,10,16,130,3,1578,136,0,0,1,0,0,0,0,0,1,0,0,7,0,0,1,0,0,8,0,0,0,0,8,7,0,1,TRUE,FALSE,FALSE,FALSE,FALSE
SEVERE,1109,0.38,19,0.47,6,45,0.07,8,150,4,1,13,0.69,1,8,0,9,0,0,1,1,2,0,1,11,1,1,0,0.1875,0.111111,2,51,386,15,14767,554,0,0,2,0,0,1,1,1,1,0,0,9,0,0,0,0,0,9,0,0,0,0,9,0,0,1,FALSE,FALSE,FALSE,FALSE,FALSE
SEVERE,998,0.11,19,0.53,5,47,0.08,3,217,4,4,16,0.65,1,0,0,4,0,0,1,4,1,0,1,17,1,0.333333,0,0.666667,1,4,4,19,1,73,19,0,0,1,0,0,0,0,0,1,0,0,4,0,0,0,0,0,4,0,0,0,0,4,3,0,1,FALSE,FALSE,TRUE,FALSE,FALSE
SEVERE,937,0.09,7,0.51,11,68,0.09,6,58,4,4,18,0.74,0,0,0,1,1,1,3,1,1,15,3,19,3,1,3,0,1,3,24,74,0,1128,75,0,0,0,1,0,0,1,0,0,0,1,1,0,0,0,0,0,1,0,0,0,0,1,1,0,0,FALSE,FALSE,FALSE,FALSE,FALSE
SEVERE,997,0.3,9,0.52,10,70,0.04,10,215,4,1,13,0.66,0,4,0,5,0,0,0,1,2,0,1,3,0,0.333333,0,0.75,0.2,1,4,53,0,303,57,0,0,0,2,0,0,0,0,2,0,0,5,0,0,0,0,0,5,0,0,0,0,5,0,0,1,FALSE,FALSE,TRUE,FALSE,FALSE
SEVERE,1073,0.29,16,0.52,6,40,0.03,10,94,7,2,15,0.77,0,10,0,11,0,0,0,1,4,0,1,23,0,0.177778,0,0.85,0.066667,1,22,180,0,3199,232,1,4,0,0,0,0,0,0,4,0,0,11,0,0,0,0,0,11,0,0,0,0,11,0,0,1,FALSE,FALSE,TRUE,FALSE,FALSE
SEVERE,1074,0.06,20,0.49,8,71,0.12,3,183,3,4,11,0.61,0,6,3,7,0,0,0,1,3,0,1,65,0,0.2,0,0.833333,0.142857,1,22,180,0,3199,232,0,0,3,0,0,0,0,0,3,0,0,7,0,0,0,0,0,7,0,0,0,0,7,0,0,1,FALSE,FALSE,TRUE,FALSE,FALSE
SEVERE,1089,0.35,18,0.42,5,69,0.12,2,173,7,1,9,0.77,0,8,0,8,0,0,0,0,4,0,1,18,0,0.142857,0,0.857143,0,0,22,180,0,3199,232,1,0,4,0,0,0,0,0,4,0,0,8,0,0,0,0,0,8,0,0,0,0,8,0,0,0,FALSE,FALSE,TRUE,TRUE,FALSE
SEVERE,1091,0.37,15,0.45,9,57,0.05,7,75,5,3,6,0.62,0,12,0,13,0,0,0,1,6,0,1,30,0,0.090909,0,0.916667,0.076923,1,22,180,0,3199,232,1,0,6,0,0,0,0,0,6,0,0,13,0,0,0,0,0,13,0,0,0,0,13,0,0,1,FALSE,FALSE,TRUE,TRUE,FALSE
SEVERE,1021,0.29,8,0.47,11,42,0.11,10,136,3,4,16,0.85,0,10,0,10,0,0,0,0,4,4,2,48,0,0.2,0,0.833333,0,0,11,34,3,463,97,0,0,4,0,0,0,0,0,4,0,0,11,0,0,0,0,0,11,0,0,0,0,11,0,1,0,FALSE,FALSE,FALSE,FALSE,FALSE
SEVERE,902,0.2,7,0.44,5,56,0.03,10,180,7,4,15,0.8,0,7,0,8,0,0,0,1,6,0,1,31,0,0.047619,0,0.97619,0.125,6,10,59,0,420,77,0,0,6,0,0,0,0,0,6,0,0,8,0,0,0,0,0,8,0,0,0,0,8,0,0,1,FALSE,FALSE,FALSE,FALSE,FALSE
SEVERE,1091,0.72,5,0.55,4,6,0.72,7,3,5,2,7,0.16,1,12,0,14,0,0,0,2,6,0,1,52,0,0.090909,0,0.923077,0.142857,2,17,92,0,1154,172,0,0,6,0,0,0,0,0,6,0,0,14,0,0,0,0,0,14,0,0,0,0,14,0,0,2,FALSE,FALSE,TRUE,FALSE,FALSE
SEVERE,977,0.09,16,0.48,7,72,0.02,4,113,3,3,7,0.72,0,6,0,6,0,0,0,0,3,0,1,15,0,0.2,0,0.8,0,0,17,92,0,1154,172,0,0,3,0,0,0,0,0,3,0,0,6,0,0,0,0,0,6,0,0,0,0,6,0,0,0,FALSE,FALSE,FALSE,FALSE,FALSE
SEVERE,893,0.05,14,0.41,7,62,0.12,9,180,4,4,8,0.72,1,12,0,13,0,0,0,1,6,0,1,57,0,0.151515,1,0.888889,0.076923,1,6,27,0,444,54,0,0,0,6,0,0,0,0,6,0,0,13,0,0,0,0,0,13,0,0,0,0,13,0,0,1,FALSE,FALSE,FALSE,FALSE,FALSE
SEVERE,953,0.37,17,0.5,10,64,0.05,3,50,7,4,7,0.73,0,10,0,10,0,0,0,0,5,0,1,22,0,0.111111,0,0.888889,0,0,3,8,1,62,30,0,0,5,0,0,0,0,0,5,0,0,11,0,0,0,0,0,11,0,0,0,0,11,0,1,0,FALSE,FALSE,TRUE,FALSE,FALSE
SEVERE,943,0.23,18,0.5,10,64,0.04,4,164,3,3,11,0.77,0,1,0,1,0,0,0,0,1,22,3,10,0,1,0,0,0,0,6,0,0,120,6,0,0,1,0,0,1,1,1,0,0,0,1,0,0,0,0,0,1,0,0,0,0,1,0,0,0,FALSE,FALSE,FALSE,FALSE,FALSE
SEVERE,1106,0.31,19,0.44,5,40,0.09,8,160,4,4,11,0.55,2,27,0,68,3,3,17,41,39,60,2,1078,35,0.129032,0,0.964791,0.458333,104,46,1076,5,33993,1556,0,12,26,1,0,13,13,13,26,0,0,60,3,5,0,0,0,68,0,0,0,0,68,38,0,3,TRUE,FALSE,FALSE,FALSE,FALSE
SEVERE,1062,0.7,4,0.46,4,15,0.77,4,8,7,1,14,0.11,0,0,0,7,0,7,8,7,0,0,1,135,9,0,0,0,1,20,28,129,4,2768,165,0,0,0,0,0,0,0,0,0,0,0,4,3,0,0,6,0,1,7,6,0,1,0,7,0,0,FALSE,FALSE,FALSE,TRUE,FALSE
SEVERE,1047,0.08,13,0.44,10,53,0.06,6,148,6,2,9,0.76,1,2,0,6,0,0,2,4,4,0,1,38,2,0.666667,0,0.85,0.666667,5,28,129,4,2768,165,0,0,4,0,0,1,1,1,3,0,0,6,0,0,0,0,0,6,0,0,0,0,6,2,0,2,FALSE,FALSE,FALSE,FALSE,FALSE
SEVERE,1009,0.25,13,0.47,11,54,0.1,2,106,6,4,13,0.65,0,4,0,5,0,0,0,1,2,0,1,8,0,0.333333,1,0.75,0.2,1,28,129,4,2768,165,0,0,0,0,2,0,0,0,2,0,0,5,0,0,0,0,0,5,0,0,0,0,5,0,0,1,FALSE,FALSE,FALSE,FALSE,FALSE
SEVERE,1043,0.05,8,0.55,6,58,0.08,5,39,7,2,9,0.7,2,7,2,56,1,14,15,49,29,0,1,1057,40,0.259958,0,0.971787,0.644068,114,248,1771,6,32688,2040,0,15,12,0,2,14,18,14,11,0,4,45,2,0,10,7,0,50,16,0,7,16,34,49,1,0,FALSE,FALSE,FALSE,FALSE,FALSE
SEVERE,1099,0.19,12,0.53,9,47,0.05,9,75,6,4,14,0.67,0,0,0,2,1,1,3,2,1,49,5,54,2,0,0,1,1,2,69,182,1,4524,247,0,0,1,0,0,1,1,1,0,0,0,3,0,0,0,0,0,3,0,0,0,0,3,2,1,0,FALSE,FALSE,FALSE,FALSE,FALSE
SEVERE,1023,0.14,9,0.52,5,48,0.1,6,70,3,3,6,0.66,1,21,0,29,2,5,10,8,24,41,4,322,16,0.259259,0,0.96131,0.16,28,69,182,1,4524,247,0,0,19,5,0,2,2,2,22,0,0,25,0,4,0,0,0,29,0,0,0,0,29,7,0,1,TRUE,FALSE,FALSE,FALSE,FALSE
SEVERE,1072,0.17,14,0.47,7,60,0.1,10,191,3,2,14,0.56,2,19,0,22,1,0,0,3,16,0,1,44,0,0.1,0,0.988095,0.107143,4,3,23,0,687,46,0,6,10,0,0,6,6,6,10,0,0,22,0,0,0,0,0,22,0,0,0,0,22,2,0,1,FALSE,FALSE,TRUE,FALSE,FALSE
MEDIUM,938,0.59,7,0.41,11,35,0.38,9,24,5,1,11,0.28,2,0,0,8,?,2,13,8,10,?,1,155,14,0.047619,9,1,?,17,16,130,3,1578,136,0,9,0,1,0,8,8,8,2,0,0,7,0,1,0,0,3,5,1,0,0,1,7,7,0,1,FALSE,FALSE,FALSE,FALSE,FALSE
MEDIUM,914,0.53,7,0.51,7,33,0.36,9,14,6,3,15,0.4,0,16,0,23,0,0,0,7,16,0,1,41,0,0.051948,0,0.978788,0,7,8,64,3,1627,92,1,0,11,0,5,6,5,5,10,1,0,0,0,0,23,0,0,23,0,0,0,0,23,6,0,1,TRUE,FALSE,FALSE,FALSE,FALSE
MEDIUM,1048,0.55,4,0.46,5,32,0.5,10,39,3,2,6,0.28,4,1,17,18,3,39,47,17,44,3,2,2143,97,0.192308,0,0.914439,1,191,29,105,0,3957,129,0,0,37,0,7,16,12,12,28,4,0,14,4,0,0,0,0,18,1,0,0,1,17,16,0,1,TRUE,FALSE,FALSE,FALSE,FALSE
MEDIUM,954,0.21,6,0.41,9,25,0.46,10,30,5,1,15,0.23,0,0,0,2,1,0,2,2,0,4,2,21,2,1,0,0,1,2,37,143,0,3130,157,0,0,0,0,0,0,0,0,0,0,0,2,0,0,0,0,0,2,0,0,0,0,2,1,0,1,TRUE,FALSE,FALSE,FALSE,FALSE
MEDIUM,1032,0.4,3,0.45,7,32,0.46,9,25,4,1,18,0.29,0,0,0,3,0,1,2,3,1,6,3,31,1,0,0,1,1,3,37,143,0,3130,157,0,0,1,0,0,1,1,1,0,0,0,2,1,0,0,0,0,3,1,0,0,1,2,2,0,1,TRUE,FALSE,TRUE,FALSE,FALSE
MEDIUM,1089,0.58,6,0.43,5,31,0.49,10,36,4,4,18,0.33,0,19,33,104,0,8,45,85,29,0,1,1384,59,0.102798,0,0.980917,0.391304,147,52,176,0,2771,208,0,1,0,28,0,1,1,1,28,0,0,22,0,82,0,0,0,104,0,0,0,0,104,84,0,1,FALSE,FALSE,FALSE,FALSE,FALSE
MEDIUM,1013,0.36,3,0.42,5,23,0.5,3,14,7,3,18,0.5,0,5,1,10,0,1,4,5,17,698,5,169,5,0.111111,0,1,0.5,8,52,176,0,2771,208,0,0,1,16,0,1,1,1,16,0,0,8,0,2,0,0,0,10,0,0,0,0,10,4,0,1,TRUE,FALSE,TRUE,FALSE,FALSE
MEDIUM,892,0.36,5,0.42,6,25,0.37,3,29,7,3,6,0.39,0,8,0,10,0,0,1,2,8,0,1,59,2,0,0,1,0,3,20,55,0,1274,72,0,0,8,0,0,8,0,0,0,8,0,0,0,0,10,0,0,10,0,0,0,0,10,0,0,2,TRUE,FALSE,TRUE,FALSE,FALSE
MEDIUM,1104,0.2,7,0.48,9,29,0.47,9,21,4,2,18,0.23,0,0,0,2,?,0,1,2,1,?,1,24,1,1,2,0,?,4,12,471,2,3219,549,0,1,0,0,0,1,1,1,0,0,0,0,0,2,0,0,0,2,0,0,0,0,2,2,0,0,TRUE,FALSE,TRUE,FALSE,FALSE
MEDIUM,1078,0.59,5,0.53,8,27,0.42,2,41,4,4,17,0.46,1,0,0,11,?,0,0,11,0,?,1,58,0,0,1,0,?,11,12,471,2,3219,549,0,0,0,0,0,0,0,0,0,0,0,11,0,0,0,0,0,11,0,0,0,0,11,11,0,0,TRUE,FALSE,TRUE,FALSE,FALSE
MEDIUM,979,0.32,7,0.42,5,31,0.43,7,25,6,4,7,0.26,0,13,0,38,?,21,29,25,17,?,2,637,49,0.327635,0,0.926868,?,131,17,145,0,2074,207,0,0,17,0,0,0,0,0,17,0,0,27,10,1,0,0,0,38,0,0,0,0,38,24,0,1,TRUE,FALSE,TRUE,FALSE,FALSE
MEDIUM,1078,0.71,7,0.5,3,15,0.72,3,4,3,3,8,0.14,1,36,4,89,0,3,5,53,97,520,5,1633,4,0.115126,0,0.959583,0.292929,88,50,400,1,12877,545,0,34,59,2,2,34,34,34,63,0,0,65,3,21,0,0,0,89,0,0,0,0,89,52,0,1,TRUE,FALSE,TRUE,FALSE,FALSE
MEDIUM,968,0.49,4,0.55,10,35,0.35,3,18,4,3,14,0.36,0,2,3,25,3,0,3,23,7,13,2,576,3,0.181159,0,0.970238,0.454545,64,50,400,1,12877,545,0,4,0,2,1,4,4,4,3,0,0,7,0,18,0,0,0,25,0,0,0,0,25,22,0,1,TRUE,FALSE,TRUE,FALSE,FALSE
MEDIUM,1100,0.57,7,0.53,9,33,0.43,5,14,4,3,8,0.3,1,7,1,55,3,32,3,48,46,13,2,2128,3,0.326797,0,0.961755,0.392857,255,50,400,1,12877,545,0,15,23,8,0,17,17,17,29,0,0,13,35,7,0,0,0,55,0,0,0,0,55,46,0,2,FALSE,FALSE,FALSE,TRUE,FALSE
MEDIUM,1032,0.46,6,0.46,10,26,0.49,4,40,3,2,12,0.53,1,5,0,11,0,0,0,6,6,0,1,83,0,0.177778,0,0.9,1,8,50,400,1,12877,545,0,0,2,0,4,0,0,0,6,0,0,1,0,0,10,0,0,11,0,0,0,0,11,5,0,1,FALSE,FALSE,FALSE,TRUE,FALSE
MEDIUM,1077,0.53,7,0.48,8,33,0.42,2,35,7,1,6,0.43,1,3,0,50,3,44,3,47,50,13,2,2022,8,0.35,0,0.963673,0.318182,216,50,400,1,12877,545,0,12,25,13,0,14,14,14,36,0,0,10,33,7,0,0,0,50,0,0,0,0,50,46,0,1,FALSE,FALSE,FALSE,TRUE,FALSE
MEDIUM,903,0.32,5,0.52,8,33,0.36,6,39,3,3,18,0.53,0,8,0,9,0,0,0,1,4,0,1,11,0,0.142857,0,0.875,0.111111,1,22,94,0,3009,112,1,0,0,4,0,0,0,0,4,0,0,9,0,0,0,0,0,9,0,0,0,0,9,0,0,1,FALSE,FALSE,FALSE,TRUE,FALSE
MEDIUM,1037,0.34,4,0.42,5,24,0.35,7,29,5,4,15,0.37,0,0,0,2,0,0,1,2,7,7,2,129,2,1,0,1,0.285714,26,9,18,0,348,18,0,5,2,0,0,5,5,5,2,0,0,2,0,0,0,0,0,2,0,0,0,0,2,1,0,1,FALSE,FALSE,FALSE,FALSE,FALSE
MEDIUM,997,0.45,6,0.41,11,34,0.42,2,24,6,2,16,0.29,0,0,0,2,0,0,1,2,0,7,2,14,2,1,0,0,1,3,9,18,0,348,18,0,0,0,0,0,0,0,0,0,0,0,2,0,0,0,0,0,2,0,0,0,0,2,1,0,1,FALSE,FALSE,FALSE,FALSE,FALSE
MEDIUM,1013,0.57,4,0.51,6,23,0.48,5,40,6,3,17,0.27,0,3,0,5,0,0,1,2,19,0,1,83,0,0,0,1,0.095238,2,1,3,1,132,6,0,16,3,0,0,16,16,16,3,0,0,5,0,0,0,0,0,5,0,0,0,0,5,0,0,2,TRUE,TRUE,FALSE,FALSE,FALSE
MEDIUM,914,0.66,5,0.51,10,35,0.41,6,42,7,1,18,0.47,0,13,0,15,0,0,0,2,7,0,1,17,0,0.089744,0,0.928571,0.133333,2,6,21,0,758,39,0,0,7,0,0,0,0,0,7,0,0,15,0,0,0,0,0,15,0,0,0,0,15,0,0,2,TRUE,FALSE,FALSE,FALSE,FALSE
MEDIUM,985,0.2,6,0.5,10,28,0.43,9,33,6,1,13,0.32,0,5,0,8,0,0,0,3,3,0,1,17,0,0.2,0,0.857143,0,3,6,21,0,758,39,0,0,3,0,0,0,0,0,3,0,0,0,0,0,8,0,0,8,0,0,0,0,8,1,0,2,TRUE,FALSE,FALSE,FALSE,FALSE
MEDIUM,1005,0.41,3,0.49,6,23,0.44,4,16,7,2,18,0.41,0,0,0,72,0,12,53,72,33,0,1,1550,67,0.154327,0,0.970951,0.847222,193,30,326,3,7907,389,0,11,22,0,0,5,33,5,0,0,28,61,7,0,4,2,0,70,72,2,0,70,0,72,0,0,TRUE,FALSE,FALSE,FALSE,FALSE
MEDIUM,1032,0.52,3,0.55,7,34,0.46,8,35,6,1,11,0.27,0,4,0,8,0,0,0,4,4,0,1,25,0,0.142857,0,0.857143,0.5,4,3,14,0,419,21,0,0,4,0,0,0,0,0,4,0,0,9,0,0,0,0,0,9,0,0,0,0,9,4,1,0,FALSE,FALSE,FALSE,FALSE,FALSE
MEDIUM,904,0.57,3,0.48,6,29,0.48,7,22,4,2,8,0.55,0,0,0,3,1,0,1,3,2,4,2,31,2,1,0,0.5,0.6,4,5,33,0,598,43,0,2,0,0,0,0,0,0,2,0,0,3,0,0,0,0,0,3,0,0,0,0,3,2,0,1,FALSE,FALSE,FALSE,FALSE,FALSE
MEDIUM,1041,0.4,3,0.42,8,27,0.43,4,16,7,2,17,0.38,1,2,1,40,0,14,12,38,22,0,1,1100,34,0.426743,0,0.963869,0.727273,162,3,46,0,1238,49,0,5,5,12,0,8,7,7,14,1,0,17,1,22,0,0,0,40,0,0,0,0,40,37,0,1,FALSE,FALSE,FALSE,FALSE,FALSE
MEDIUM,1086,0.63,5,0.53,7,29,0.45,5,35,7,3,6,0.4,1,0,0,3,0,1,0,3,0,0,1,29,0,0,?,0,?,7,3,46,0,1238,49,0,0,0,0,0,0,0,0,0,0,0,3,0,0,1,0,0,4,0,0,0,0,4,3,1,0,FALSE,FALSE,FALSE,FALSE,FALSE
MEDIUM,1090,0.48,7,0.41,6,34,0.36,9,14,3,2,9,0.31,1,6,0,6,0,0,0,0,3,0,1,19,0,0.2,0,0.8,0,0,71,469,7,12094,560,0,0,3,0,0,0,0,0,3,0,0,7,0,0,0,0,0,7,0,0,0,0,7,0,1,0,FALSE,TRUE,FALSE,FALSE,FALSE
MEDIUM,1058,0.35,3,0.49,10,29,0.45,5,41,6,1,7,0.41,2,39,46,157,?,43,69,118,39,?,1,3392,181,0.24011,2,0.989645,?,377,71,469,7,12094,560,0,0,22,17,0,6,6,5,32,1,1,91,4,62,0,0,2,155,0,0,0,0,157,118,0,0,FALSE,TRUE,FALSE,FALSE,FALSE
MEDIUM,967,0.39,7,0.47,10,35,0.48,6,38,3,2,7,0.48,2,4,0,31,2,3,1,27,28,0,1,1357,1,0.278325,1,0.92619,0.75,325,36,462,9,12436,596,0,0,3,25,0,14,14,14,14,0,0,12,1,18,0,0,0,31,1,0,0,1,30,26,0,1,FALSE,FALSE,FALSE,FALSE,FALSE
MEDIUM,1101,0.37,5,0.43,5,29,0.36,8,42,7,1,15,0.42,1,3,0,21,0,38,27,18,63,0,1,1277,60,0.4,0,0.986508,0.140845,148,15,266,0,5065,282,0,59,4,0,0,60,59,59,3,1,0,12,8,1,0,0,0,21,1,0,0,1,20,15,0,3,TRUE,FALSE,FALSE,FALSE,FALSE
MEDIUM,1082,0.56,7,0.48,10,29,0.45,9,42,6,2,15,0.4,0,4,0,9,1,0,0,5,35,0,1,161,0,0.535714,0,0.953571,0.217391,26,8,30,1,1005,38,0,14,2,19,0,19,21,19,14,0,2,9,0,0,0,0,0,9,1,0,0,1,8,4,0,1,TRUE,FALSE,FALSE,FALSE,FALSE
MEDIUM,952,0.24,3,0.41,7,27,0.42,8,17,7,2,6,0.49,0,4,0,6,0,1,3,2,2,4,2,24,3,0.6,0,0.6,0.2,2,48,197,1,3877,376,0,0,0,2,0,0,0,0,2,0,0,5,0,1,0,0,0,6,0,0,0,0,6,1,0,1,TRUE,FALSE,FALSE,FALSE,FALSE
MEDIUM,1018,0.75,4,0.43,3,11,0.71,7,2,5,3,10,0.17,0,6,0,10,1,6,4,4,9,0,1,80,3,0.194444,0,0.91358,0.25,14,48,197,1,3877,376,0,0,0,9,0,0,0,0,9,0,0,8,0,2,0,0,0,10,0,0,0,0,10,3,0,1,TRUE,FALSE,FALSE,FALSE,FALSE
MEDIUM,928,0.27,6,0.54,5,29,0.47,10,41,5,3,9,0.37,0,6,0,7,0,0,0,1,3,0,1,3,0,0.2,0,0.833333,0.142857,1,48,197,1,3877,376,1,0,0,3,0,0,0,0,3,0,0,7,0,0,0,0,0,7,0,0,0,0,7,0,0,1,FALSE,FALSE,FALSE,FALSE,FALSE
MEDIUM,1084,0.61,3,0.53,7,25,0.37,2,31,4,3,17,0.23,0,6,0,7,0,0,0,1,3,0,1,2,0,0.2,0,0.666667,0.142857,1,48,197,1,3877,376,1,0,0,3,0,0,0,0,3,0,0,7,0,0,0,0,0,7,0,0,0,0,7,0,0,1,FALSE,FALSE,FALSE,FALSE,FALSE
MEDIUM,1071,0.21,4,0.45,6,33,0.49,6,21,3,4,6,0.49,0,0,0,1,0,0,4,1,6,0,1,71,4,1,0,0,0,1,13,58,0,3667,65,0,6,0,0,0,6,6,6,0,0,0,0,1,0,0,0,0,1,0,0,0,0,1,0,0,1,TRUE,FALSE,FALSE,FALSE,FALSE
MEDIUM,1026,0.26,6,0.49,7,24,0.47,4,24,4,2,16,0.39,0,0,0,8,0,0,1,8,3,0,1,269,1,1,0,0.857143,1,24,1,8,0,269,8,0,0,0,3,0,2,3,2,0,0,1,4,5,0,0,3,0,6,2,1,2,1,5,8,1,0,TRUE,TRUE,FALSE,FALSE,FALSE
MEDIUM,961,0.34,3,0.49,7,29,0.5,7,26,4,2,13,0.26,1,2,0,11,?,0,0,9,1,?,1,337,0,0,2,1,?,41,1,9,0,382,11,0,0,0,1,0,0,0,0,1,0,0,8,1,2,0,0,2,9,1,0,0,1,10,8,0,1,FALSE,FALSE,FALSE,FALSE,FALSE
MEDIUM,1014,0.32,7,0.41,11,30,0.35,7,26,5,3,15,0.35,0,13,0,15,0,2,2,2,6,0,1,34,1,0.090909,0,0.928571,0.142857,2,9,58,0,1713,72,0,0,6,0,0,0,0,0,6,0,0,14,1,0,0,0,0,15,0,0,0,0,15,0,0,2,FALSE,FALSE,FALSE,FALSE,FALSE
MEDIUM,1076,0.5,3,0.42,11,34,0.41,10,18,5,4,13,0.25,0,0,2,25,2,17,13,25,52,4,2,1157,31,0.25,0,0.969551,0.380952,119,12,67,1,2003,73,0,13,39,0,0,28,32,28,20,0,4,8,17,0,0,4,0,21,8,4,0,4,17,25,0,0,TRUE,FALSE,FALSE,FALSE,FALSE
MEDIUM,1085,0.47,7,0.54,9,27,0.44,3,19,5,4,13,0.39,0,4,0,5,0,0,0,1,4,0,1,11,0,0,0,1,0.2,1,12,67,1,2003,73,0,0,4,0,0,0,0,0,4,0,0,5,0,0,0,0,0,5,0,0,0,0,5,0,0,1,TRUE,FALSE,FALSE,FALSE,FALSE
MEDIUM,980,0.21,6,0.48,6,35,0.43,7,31,7,4,17,0.33,0,1,1,62,0,33,22,61,69,15,2,2937,48,0.333333,0,0.980993,0.375,388,11,115,1,4599,128,0,10,43,14,2,32,34,32,35,0,2,6,52,4,0,1,0,61,8,1,0,7,54,60,0,1,TRUE,FALSE,FALSE,FALSE,FALSE
MEDIUM,954,0.47,5,0.55,7,28,0.37,9,30,3,1,8,0.46,0,10,0,10,0,0,0,0,5,0,1,109,0,0.111111,0,0.888889,0,0,7,32,0,1457,56,0,0,5,0,0,0,0,0,5,0,0,11,0,0,0,0,0,11,0,0,0,0,11,0,1,0,TRUE,FALSE,FALSE,FALSE,FALSE
MEDIUM,982,0.25,4,0.51,10,33,0.38,7,42,4,2,11,0.34,1,12,2,26,0,10,4,14,17,0,1,953,13,0.286765,0,0.941176,0.266667,97,12,46,1,2496,76,0,0,1,16,0,0,1,0,16,0,1,15,8,3,0,0,0,26,0,0,0,0,26,13,0,1,TRUE,FALSE,FALSE,FALSE,FALSE
MEDIUM,918,0.6,5,0.5,5,26,0.42,7,23,5,4,11,0.48,0,6,0,7,1,0,0,1,3,0,1,14,0,0.238095,0,0.777778,0.142857,1,9,30,0,710,43,0,0,3,0,0,0,0,0,3,0,0,8,0,0,0,0,0,8,0,0,0,0,8,1,1,0,TRUE,FALSE,FALSE,FALSE,FALSE
NON-SEVERE,918,0.59,6,0.49,9,35,0.44,8,30,7,3,8,0.5,0,0,0,10,4,5,3,10,2,22,2,98,12,0.133333,13,0.888889,1,23,40,171,0,1752,182,0,0,0,2,0,0,0,0,2,0,0,6,0,4,0,0,0,10,0,0,0,0,10,10,0,0,TRUE,FALSE,FALSE,FALSE,FALSE
NON-SEVERE,953,0.74,7,0.42,2,12,0.78,8,4,4,4,6,0.18,1,0,0,11,1,0,0,11,2,6,2,70,0,0.622222,0,0.7,1,19,40,171,0,1752,182,0,0,0,2,0,0,0,0,2,0,0,11,0,0,0,0,0,11,3,0,0,3,8,10,0,1,TRUE,FALSE,FALSE,FALSE,FALSE
MEDIUM,998,0.58,5,0.44,10,24,0.5,5,34,6,3,12,0.23,2,3,0,45,2,28,9,42,37,516,4,1033,38,0.252439,0,0.935065,0.806452,196,45,839,12,16067,1014,0,4,0,33,0,0,3,0,34,0,3,27,3,14,1,0,0,45,0,0,0,0,45,41,0,1,TRUE,FALSE,FALSE,FALSE,FALSE
NON-SEVERE,973,0.33,3,0.48,7,28,0.37,5,21,6,1,18,0.37,0,0,0,7,1,1,3,7,3,25,2,65,7,0.952381,1,0.5,0.833333,13,40,171,0,1752,182,0,1,0,2,0,0,2,0,1,0,2,5,0,2,0,0,0,7,0,0,0,0,7,7,0,0,TRUE,FALSE,FALSE,FALSE,FALSE
MEDIUM,1100,0.58,6,0.49,7,23,0.35,7,40,6,2,18,0.49,2,38,2,139,0,9,17,101,28,0,1,2435,70,0.308466,2,0.975845,0.669565,436,45,839,12,16067,1014,0,0,0,28,0,0,0,0,28,0,0,115,3,21,0,0,0,139,2,0,0,2,137,97,0,4,TRUE,FALSE,FALSE,FALSE,FALSE
NON-SEVERE,926,0.71,4,0.49,3,17,0.85,4,5,3,2,14,0.12,0,1,17,11,0,0,18,10,5,0,1,239,18,0.345455,9,0.8,0.6,32,40,171,0,1752,182,0,5,0,0,0,0,0,0,5,0,0,11,0,1,0,0,0,12,4,0,0,4,8,10,1,0,TRUE,FALSE,FALSE,FALSE,FALSE
NON-SEVERE,1069,0.75,5,0.5,2,9,0.86,10,3,7,3,17,0.16,0,0,0,2,1,0,0,2,2,0,1,19,0,1,0,0.5,1,3,40,171,0,1752,182,0,0,0,0,2,0,0,0,2,0,0,2,0,0,1,0,0,3,0,0,0,0,3,2,1,0,TRUE,FALSE,FALSE,FALSE,FALSE
NON-SEVERE,984,0.26,9,0.47,7,62,0.07,9,208,5,1,10,0.68,0,0,0,1,1,0,0,1,0,10,2,5,0,1,1,0,1,1,40,171,0,1752,182,1,0,0,0,0,0,0,0,0,0,0,1,0,0,1,0,0,2,0,0,0,0,2,1,1,0,TRUE,FALSE,FALSE,FALSE,FALSE
NON-SEVERE,979,0.31,7,0.48,6,29,0.43,8,38,5,3,11,0.38,0,0,0,4,0,0,1,4,0,15,4,18,4,1,0,0,1,4,8,100,1,2639,109,0,0,0,0,0,0,0,0,0,0,0,4,0,0,0,0,0,4,0,0,0,0,4,0,0,4,TRUE,TRUE,FALSE,FALSE,FALSE
MEDIUM,968,0.28,4,0.43,11,31,0.42,8,18,4,1,16,0.3,0,17,0,18,0,0,0,1,9,0,1,43,0,0.058824,0,0.947712,0.055556,1,4,39,0,2335,117,0,0,0,9,0,0,0,0,9,0,0,18,0,0,0,0,0,18,0,0,0,0,18,0,0,1,TRUE,FALSE,FALSE,FALSE,FALSE
MEDIUM,1068,0.34,5,0.41,9,29,0.37,10,29,5,4,15,0.44,1,2,0,7,2,0,2,5,2,11,2,68,4,1,0,0.666667,0.6,6,9,50,0,1207,69,0,0,1,0,1,1,1,1,1,0,0,5,0,0,2,0,0,7,0,0,0,0,7,2,0,3,TRUE,FALSE,FALSE,FALSE,FALSE
NON-SEVERE,920,0.73,7,0.54,1,15,0.88,10,9,4,1,9,0.17,0,0,0,6,1,0,0,6,3,14,3,50,0,1,1,0.6,1,13,8,100,1,2639,109,0,0,0,0,3,0,0,0,3,0,0,6,0,0,0,0,0,6,0,0,0,0,6,1,0,5,TRUE,TRUE,FALSE,FALSE,FALSE
NON-SEVERE,921,0.39,3,0.43,10,35,0.41,3,21,3,4,16,0.33,1,0,2,29,0,106,25,29,4,0,1,1371,51,1,0,0.723214,1,328,8,100,1,2639,109,0,0,1,0,3,0,0,0,4,0,0,4,25,0,0,0,0,29,6,0,0,6,23,27,0,2,TRUE,TRUE,FALSE,FALSE,FALSE
NON-SEVERE,909,0.08,16,0.49,8,47,0.04,3,137,5,2,13,0.63,0,0,0,10,0,96,1,10,3,0,1,243,1,1,0,0.481481,1,47,8,100,1,2639,109,0,0,0,0,3,0,0,0,3,0,0,2,8,0,0,0,0,10,0,0,0,0,10,9,0,1,TRUE,TRUE,FALSE,FALSE,FALSE
NON-SEVERE,1041,0.58,4,0.43,8,22,0.35,3,29,5,4,15,0.47,0,0,0,2,0,0,1,2,1,0,2,14,1,1,0,1,0.666667,2,8,100,1,2639,109,1,1,0,0,0,0,0,0,1,0,0,2,0,0,0,0,0,2,0,0,0,0,2,0,0,2,TRUE,TRUE,FALSE,FALSE,FALSE
NON-SEVERE,1038,0.71,3,0.46,4,10,0.69,10,4,3,3,12,0.16,0,0,2,2,0,0,1,2,8,0,2,76,1,1,0,1,0.2,2,32,46,0,1690,48,0,8,0,0,0,0,0,0,8,0,0,2,0,0,0,0,0,2,0,0,0,0,2,0,0,2,TRUE,TRUE,FALSE,FALSE,FALSE
NON-SEVERE,1009,0.72,3,0.43,0,18,0.84,6,2,6,2,7,0.12,0,0,0,2,0,0,0,2,0,11,2,15,0,0,0,0,1,2,2,5,0,44,5,0,0,0,0,0,0,0,0,0,0,0,3,0,0,0,0,0,3,0,0,0,0,3,2,1,0,TRUE,TRUE,FALSE,FALSE,FALSE
NON-SEVERE,1090,0.42,7,0.46,11,32,0.37,6,20,3,3,9,0.52,0,0,0,3,0,0,2,3,0,7,2,29,2,0,0,0,1,4,2,5,0,44,5,0,0,0,0,0,0,0,0,0,0,0,3,0,0,0,0,0,3,0,0,0,0,3,3,0,0,TRUE,TRUE,FALSE,FALSE,FALSE
NON-SEVERE,1087,0.29,16,0.5,7,39,0.02,6,144,4,4,13,0.66,0,39,0,40,0,15,3,1,20,0,1,330,3,0.087179,0,0.971795,0.025,1,5,27,0,1293,138,0,0,20,0,0,0,1,0,19,0,1,41,0,0,0,0,0,41,0,0,0,0,41,1,1,0,TRUE,TRUE,FALSE,FALSE,FALSE
NON-SEVERE,1083,0.72,4,0.52,2,20,0.85,3,4,5,1,8,0.2,0,18,0,25,1,5,4,7,9,10,2,37,3,0.243333,0,0.898148,0.28,7,5,27,0,1293,138,0,0,9,0,0,0,0,0,9,0,0,26,0,0,0,0,0,26,0,0,0,0,26,7,1,0,TRUE,TRUE,FALSE,FALSE,FALSE
NON-SEVERE,1031,0.25,19,0.46,7,55,0.04,10,213,7,1,10,0.62,0,0,0,3,0,1,2,3,0,72,5,88,3,1,0,0,1,10,3,28,0,619,34,0,0,0,0,0,0,0,0,0,0,0,2,1,0,0,0,0,3,1,0,0,1,2,2,0,1,TRUE,FALSE,FALSE,FALSE,FALSE
NON-SEVERE,905,0.74,7,0.44,3,16,0.76,5,7,6,3,17,0.12,1,6,0,30,0,0,1,24,11,0,1,390,1,0.261084,0,0.937304,0.8,42,3,28,0,619,34,0,0,0,11,0,5,5,5,6,0,0,30,0,0,0,0,0,30,0,0,0,0,30,23,0,1,TRUE,FALSE,FALSE,FALSE,FALSE
NON-SEVERE,1080,0.15,17,0.42,11,62,0.1,3,161,4,4,13,0.58,0,0,0,1,0,0,1,1,0,75,4,13,1,1,0,0,1,1,3,28,0,619,34,0,0,0,0,0,0,0,0,0,0,0,1,0,0,0,0,0,1,0,0,0,0,1,0,0,1,TRUE,FALSE,FALSE,FALSE,FALSE
NON-SEVERE,1039,0.28,21,0.52,5,54,0.04,2,39,3,2,8,0.61,2,9,3,47,0,19,11,38,48,0,1,1264,30,0.49359,0,0.949275,0.709677,213,40,277,5,7963,322,0,1,13,34,0,24,19,19,24,5,0,31,7,9,1,7,0,41,2,2,5,0,41,38,1,0,TRUE,FALSE,FALSE,FALSE,FALSE
MEDIUM,929,0.25,4,0.44,10,28,0.47,8,29,7,1,8,0.47,0,0,0,2,0,0,0,2,0,0,1,44,0,0,0,0,1,3,9,50,0,1207,69,0,0,0,0,0,0,0,0,0,0,0,2,0,0,0,0,0,2,2,0,0,2,0,2,0,0,TRUE,FALSE,FALSE,FALSE,FALSE
NON-SEVERE,988,0.71,5,0.46,2,6,0.87,10,7,4,3,14,0.2,3,9,6,50,0,0,10,41,96,0,1,3405,26,0.272895,0,0.980867,0.395349,256,40,277,5,7963,322,0,19,15,62,0,55,47,47,41,8,0,25,3,21,2,5,0,46,7,2,3,5,41,41,1,0,TRUE,FALSE,FALSE,FALSE,FALSE
NON-SEVERE,915,0.69,5,0.53,3,17,0.82,4,10,4,2,6,0.13,1,0,0,18,0,61,9,18,2,0,1,1097,36,0.269231,0,0.882353,1,286,40,277,5,7963,322,0,0,2,0,0,2,0,0,0,2,0,2,5,12,0,0,0,19,0,0,0,0,19,18,1,0,TRUE,FALSE,FALSE,FALSE,FALSE
MEDIUM,1070,0.2,4,0.45,10,22,0.45,4,14,6,3,6,0.27,1,4,0,7,1,0,0,3,2,0,1,35,0,0.4,0,0.75,0.428571,3,3,23,0,419,27,0,0,2,0,0,0,0,0,2,0,0,7,0,0,0,0,0,7,0,0,0,0,7,1,0,2,TRUE,FALSE,FALSE,FALSE,FALSE
NON-SEVERE,993,0.72,4,0.51,2,9,0.86,10,7,6,4,9,0.15,2,7,0,11,1,0,0,4,6,0,1,64,0,0.361111,0,0.8,0.3,4,40,277,5,7963,322,1,0,0,6,0,0,0,0,6,0,0,10,0,0,1,0,0,11,0,0,0,0,11,2,0,2,TRUE,FALSE,FALSE,FALSE,FALSE
NON-SEVERE,941,0.05,7,0.48,6,44,0.11,8,96,5,3,9,0.6,0,0,10,4,0,0,10,4,0,0,1,196,11,0,0,0,1,8,30,106,4,993,111,0,0,0,0,0,0,0,0,0,0,0,2,2,0,0,0,0,4,4,0,0,4,0,4,0,0,TRUE,FALSE,FALSE,FALSE,FALSE
NON-SEVERE,1011,0.71,7,0.55,1,7,0.82,8,5,4,2,7,0.11,0,0,0,2,0,0,1,2,3,0,1,26,2,1,0,0.5,1,2,30,106,4,993,111,1,0,0,0,3,0,0,0,3,0,0,1,0,0,1,0,0,2,0,0,0,0,2,1,0,1,TRUE,FALSE,FALSE,FALSE,FALSE
MEDIUM,1040,0.56,4,0.44,5,23,0.43,4,29,7,1,12,0.39,2,2,0,5,0,1,1,3,2,0,1,15,1,0.2,0,0.75,0.6,4,4,12,0,87,17,0,0,0,0,2,0,0,0,2,0,0,5,0,0,0,0,0,5,0,0,0,0,5,3,0,0,TRUE,TRUE,FALSE,FALSE,FALSE
NON-SEVERE,1096,0.33,6,0.44,10,33,0.44,6,40,3,4,9,0.37,0,4,0,11,1,0,0,7,4,0,1,67,0,0.418182,0,0.8,0.636364,7,30,106,4,993,111,0,0,0,0,4,0,0,0,4,0,0,11,0,0,1,0,0,12,0,0,0,0,12,7,1,0,TRUE,TRUE,FALSE,FALSE,FALSE
NON-SEVERE,1062,0.15,17,0.44,8,51,0.11,10,108,6,2,6,0.87,0,0,1,4,1,0,4,4,5,14,2,166,4,0.5,0,0.6,1,10,7,34,0,713,36,0,0,5,0,0,1,1,1,4,0,0,2,0,2,0,0,0,4,0,0,0,0,4,4,0,0,TRUE,FALSE,FALSE,FALSE,FALSE
NON-SEVERE,905,0.72,5,0.48,3,6,0.82,7,6,5,4,6,0.15,1,0,0,1,0,2,1,1,0,0,1,34,1,1,?,0,?,6,7,34,0,713,36,0,0,0,0,0,0,0,0,0,0,0,1,0,0,1,0,0,2,0,0,0,0,2,1,1,0,TRUE,FALSE,FALSE,FALSE,FALSE
MEDIUM,960,0.32,4,0.5,9,25,0.37,9,14,4,4,10,0.54,1,7,0,8,0,0,0,1,4,0,1,32,0,0.142857,0,0.857143,0.125,1,31,23,3,423,87,0,0,4,0,0,0,0,0,4,0,0,8,0,0,0,0,0,8,0,0,0,0,8,1,0,0,TRUE,FALSE,FALSE,FALSE,FALSE
NON-SEVERE,981,0.75,4,0.53,0,21,0.82,4,7,3,2,18,0.1,1,0,0,7,1,0,3,7,8,14,2,167,4,0.714286,0,0.854167,1,18,7,34,0,713,36,0,0,8,0,0,7,7,7,1,0,0,6,0,1,0,0,0,7,0,0,0,0,7,7,0,0,TRUE,FALSE,FALSE,FALSE,FALSE
MEDIUM,925,0.61,5,0.52,9,29,0.36,4,35,3,3,11,0.4,0,6,0,6,0,0,0,0,3,0,1,24,0,0.2,1,0.8,0,0,31,23,3,423,87,1,0,3,0,0,0,0,0,3,0,0,7,0,0,0,0,0,7,0,0,0,0,7,0,1,0,TRUE,FALSE,FALSE,FALSE,FALSE
NON-SEVERE,974,0.72,5,0.46,1,20,0.72,7,3,7,1,14,0.14,3,9,7,63,?,3,5,54,23,?,2,1910,11,0.383503,3,0.953717,?,233,11,101,0,2259,113,0,2,4,17,0,9,6,6,14,3,0,34,10,19,0,4,4,55,1,0,4,1,58,50,0,4,TRUE,FALSE,FALSE,FALSE,FALSE
NON-SEVERE,943,0.75,6,0.49,2,18,0.81,4,5,3,3,7,0.19,1,7,0,16,1,0,0,9,7,0,1,105,0,0.2,0,0.866667,0.5625,9,4,32,0,659,53,0,0,7,0,0,0,0,0,7,0,0,16,0,0,0,0,0,16,0,0,0,0,16,8,0,1,TRUE,FALSE,FALSE,FALSE,FALSE
NON-SEVERE,987,0.75,4,0.42,0,9,0.75,8,10,4,2,15,0.1,0,0,0,1,0,0,0,1,6,0,1,38,0,1,0,0,0,1,11,31,4,509,45,0,6,0,0,0,6,6,6,0,0,0,0,1,0,0,0,0,1,0,0,0,0,1,0,0,1,TRUE,FALSE,FALSE,FALSE,FALSE
NON-SEVERE,903,0.27,16,0.44,6,46,0.04,6,88,4,4,7,0.82,0,0,1,11,0,0,1,11,1,0,1,146,1,0.622222,1,0.3,1,17,3,16,0,197,16,0,0,1,0,0,0,0,0,1,0,0,10,0,0,1,9,0,2,0,0,9,0,2,10,0,1,TRUE,FALSE,FALSE,FALSE,FALSE
NON-SEVERE,1032,0.24,12,0.53,11,53,0.07,6,128,3,2,9,0.77,1,0,0,1,0,0,0,1,0,0,1,42,0,1,0,0,1,7,3,16,0,197,16,0,0,0,0,0,0,0,0,0,0,0,1,1,0,0,0,0,2,0,0,0,0,2,1,1,0,TRUE,FALSE,FALSE,FALSE,FALSE
NON-SEVERE,1067,0.07,11,0.52,9,69,0.08,3,193,4,2,9,0.83,0,0,0,4,?,0,2,4,4,?,2,51,4,0,1,1,?,11,3,16,0,197,16,0,0,0,4,0,0,0,0,4,0,0,4,0,0,0,1,2,1,0,0,1,0,3,3,0,1,TRUE,FALSE,FALSE,FALSE,FALSE
NON-SEVERE,973,0.26,7,0.55,6,53,0.08,9,63,4,3,14,0.8,0,9,0,12,1,0,1,3,7,0,1,79,0,0.30303,0,0.857143,0.25,11,6,47,1,762,77,0,0,7,0,0,0,2,0,5,0,2,13,0,0,0,0,0,13,0,0,0,0,13,3,1,0,TRUE,TRUE,FALSE,FALSE,FALSE
NON-SEVERE,925,0.69,7,0.48,2,6,0.82,3,2,4,4,15,0.12,0,1,0,7,0,11,12,6,5,0,1,306,20,0.2,0,0.866667,0.75,48,14,112,4,2893,139,0,0,5,0,0,0,0,0,5,0,0,4,1,2,0,3,0,4,1,1,2,0,4,5,0,1,TRUE,TRUE,FALSE,FALSE,FALSE
NON-SEVERE,964,0.72,3,0.41,3,8,0.79,7,5,6,2,18,0.1,0,0,2,9,0,1,4,9,5,0,1,200,2,1,0,0.825,1,20,14,26,0,817,116,0,0,5,0,0,2,2,2,3,0,0,6,3,0,0,0,0,9,2,0,0,2,7,8,0,1,FALSE,FALSE,FALSE,FALSE,FALSE
MEDIUM,892,0.63,5,0.52,10,30,0.47,6,41,3,4,13,0.52,0,6,0,6,0,0,0,0,3,0,1,25,0,0.2,0,0.8,0,0,128,327,0,1934,410,1,0,3,0,0,0,0,0,3,0,0,7,0,0,0,0,0,7,0,0,0,0,7,0,1,0,FALSE,FALSE,FALSE,FALSE,FALSE
MEDIUM,898,0.46,7,0.52,5,30,0.44,3,25,5,3,16,0.41,0,6,0,7,0,0,0,1,3,0,1,29,0,0.2,0,0.833333,0.142857,1,128,327,0,1934,410,1,0,3,0,0,0,0,0,3,0,0,7,0,0,0,0,0,7,0,0,0,0,7,0,0,1,TRUE,FALSE,FALSE,FALSE,FALSE
NON-SEVERE,897,0.47,3,0.5,6,31,0.4,5,19,4,1,10,0.23,1,0,0,1,0,1,0,1,0,0,1,10,0,1,?,0,?,2,14,26,0,817,116,0,0,0,0,0,0,0,0,0,0,0,1,0,0,1,0,0,2,0,0,0,0,2,1,1,0,TRUE,FALSE,FALSE,FALSE,FALSE
MEDIUM,1055,0.6,4,0.54,9,35,0.45,3,21,4,2,9,0.4,0,6,0,6,0,0,0,0,3,0,1,24,0,0.2,0,0.8,0,0,11,16,0,210,49,0,0,3,0,0,0,0,0,3,0,0,7,0,0,0,0,0,7,0,0,0,0,7,0,1,0,TRUE,FALSE,FALSE,FALSE,FALSE
MEDIUM,1058,0.61,7,0.45,8,22,0.42,4,30,5,3,10,0.41,0,6,0,6,0,0,0,0,3,0,1,23,0,0.2,0,0.8,0,0,11,16,0,210,49,0,0,3,0,0,0,0,0,3,0,0,6,0,0,0,0,0,6,0,0,0,0,6,0,0,0,TRUE,FALSE,FALSE,FALSE,FALSE
MEDIUM,1026,0.23,7,0.54,6,22,0.43,8,42,6,4,10,0.54,0,8,0,8,0,0,0,0,4,0,1,31,0,0.142857,0,0.857143,0,0,11,16,0,210,49,0,0,4,0,0,0,0,0,4,0,0,8,0,0,0,0,0,8,0,0,0,0,8,0,0,0,TRUE,FALSE,FALSE,FALSE,FALSE
MEDIUM,992,0.56,6,0.54,6,25,0.47,6,33,5,1,13,0.29,1,0,0,1,0,0,0,1,0,0,1,3,0,1,?,0,?,1,133,235,0,2888,235,0,0,0,0,0,0,0,0,0,0,0,1,0,0,1,1,0,1,0,0,1,0,1,1,1,0,TRUE,FALSE,FALSE,FALSE,FALSE
MEDIUM,915,0.46,5,0.46,9,22,0.44,9,16,6,3,12,0.29,1,0,0,1,0,0,2,1,0,0,1,3,2,1,?,0,?,1,133,235,0,2888,235,0,0,0,0,0,0,0,0,0,0,0,1,0,0,1,1,0,1,0,0,1,0,1,1,1,0,TRUE,FALSE,FALSE,FALSE,FALSE
MEDIUM,892,0.43,4,0.54,5,23,0.36,2,39,3,1,7,0.32,0,0,0,1,0,0,0,1,109,0,1,230,0,1,0,0,0,1,2,2,0,340,2,0,109,0,0,0,109,109,109,0,0,0,0,0,1,0,0,0,1,0,0,0,0,1,0,0,1,TRUE,FALSE,FALSE,FALSE,FALSE
SEVERE,951,0.19,9,0.5,11,40,0.08,5,135,6,1,14,0.61,1,0,0,19,0,6,5,19,3,0,1,94,7,0.006536,0,1,1,25,1,19,0,94,19,0,0,3,0,0,0,1,0,2,0,1,19,0,0,0,0,0,19,0,0,0,0,19,18,0,1,TRUE,FALSE,FALSE,FALSE,FALSE
SEVERE,967,0.07,7,0.42,5,68,0.11,3,58,3,4,12,0.55,0,0,0,1,0,0,2,1,1,101,7,27,1,1,0,0,1,1,760,1182,1,32189,1188,0,0,1,0,0,1,1,1,0,0,0,1,0,0,0,0,0,1,0,0,0,0,1,0,0,1,TRUE,FALSE,FALSE,FALSE,FALSE
SEVERE,908,0.11,19,0.54,8,44,0.03,9,88,4,1,14,0.81,1,4,0,5,0,0,0,1,5,0,1,30,0,0,0,1,0.2,1,159,3633,16,85061,4912,0,0,5,0,0,5,1,1,0,4,0,5,0,0,0,0,0,5,0,0,0,0,5,0,0,1,TRUE,FALSE,FALSE,FALSE,FALSE
SEVERE,1027,0.38,18,0.42,7,53,0.08,10,99,3,1,11,0.84,0,23,0,105,29,124,23,82,49,677,3,1595,88,0.041209,3,0.98803,0.642857,471,159,3633,16,85061,4912,0,22,21,6,0,24,26,24,23,0,2,105,0,1,0,0,0,106,0,0,0,0,106,82,1,0,TRUE,FALSE,FALSE,FALSE,FALSE
SEVERE,1070,0.37,19,0.46,9,47,0.05,3,100,6,2,13,0.67,0,22,0,67,40,84,13,45,54,737,4,1493,44,0.128671,0,0.995511,0.447917,295,159,3633,16,85061,4912,0,32,22,0,0,39,39,39,15,0,0,64,0,3,0,1,0,66,0,0,1,0,66,44,0,1,TRUE,FALSE,FALSE,FALSE,FALSE
NON-SEVERE,901,0.05,12,0.46,9,50,0.06,4,181,4,2,10,0.8,0,3,0,4,0,0,0,1,2,0,1,7,0,0.333333,0,0.666667,0.25,1,14,26,0,817,116,0,0,2,0,0,0,0,0,2,0,0,5,0,0,0,0,0,5,0,0,0,0,5,1,1,0,TRUE,FALSE,FALSE,FALSE,FALSE
MEDIUM,1087,0.45,7,0.42,5,27,0.45,2,41,4,2,9,0.46,0,0,0,1,0,12,0,1,33,0,1,110,0,1,0,0,0,1,2,2,0,340,2,0,33,0,0,0,33,33,33,0,0,0,0,0,1,0,0,0,1,0,0,0,0,1,0,0,1,TRUE,FALSE,FALSE,FALSE,FALSE
MEDIUM,1091,0.31,4,0.43,8,29,0.49,9,27,5,4,13,0.43,1,0,0,2,0,3,1,2,3,0,1,40,1,1,0,1,1,4,1,2,0,40,2,0,0,0,3,0,0,0,0,3,0,0,2,0,0,0,0,0,2,0,0,0,0,2,1,0,1,TRUE,FALSE,FALSE,FALSE,FALSE
MEDIUM,1026,0.5,4,0.49,6,29,0.41,9,38,6,1,15,0.5,0,0,0,5,0,25,15,5,0,5,2,214,27,1,0,0,1,29,14,41,1,1004,41,0,0,0,0,0,0,0,0,0,0,0,2,3,0,0,0,0,5,0,0,0,0,5,4,0,1,TRUE,FALSE,FALSE,FALSE,FALSE
MEDIUM,912,0.49,7,0.5,6,27,0.47,8,39,7,1,14,0.23,0,6,4,7,0,3,10,1,6,520,5,96,13,0.6,0,0.888889,0.2,1,22,214,6,2913,322,0,0,0,6,0,0,0,0,6,0,0,5,1,1,0,0,0,7,0,0,0,0,7,0,0,1,TRUE,TRUE,FALSE,FALSE,FALSE
MEDIUM,957,0.59,5,0.42,11,27,0.4,8,32,4,1,6,0.45,0,0,0,7,0,3,11,7,0,10,2,151,16,0,0,0,1,24,4,32,0,473,32,0,0,0,0,0,0,0,0,0,0,0,8,0,0,0,0,0,8,1,0,0,1,7,7,1,0,TRUE,FALSE,FALSE,FALSE,FALSE
MEDIUM,965,0.28,6,0.55,9,25,0.46,6,37,3,4,17,0.31,0,4,0,5,0,0,0,1,7,0,1,14,0,0,0,1,0.125,1,2,3,1,44,7,0,3,0,0,4,0,3,0,4,0,3,5,0,0,0,0,0,5,0,0,0,0,5,0,0,1,TRUE,FALSE,FALSE,FALSE,FALSE
MEDIUM,995,0.44,4,0.46,10,33,0.5,4,32,7,3,15,0.37,0,3,1,43,34,34,21,40,3,123,3,1348,89,0.340244,0,0.944444,0.909091,249,14,161,1,3417,181,0,0,1,1,1,0,1,0,2,0,1,33,0,10,0,0,0,43,0,0,0,0,43,38,0,2,TRUE,FALSE,FALSE,FALSE,FALSE
MEDIUM,1031,0.31,4,0.51,8,35,0.36,7,19,3,4,12,0.31,0,6,0,6,0,0,0,0,3,0,1,1,0,0.2,0,0.8,0,0,497,1562,8,24196,1857,0,0,0,0,3,0,0,0,3,0,0,6,0,0,1,0,0,7,0,0,0,0,7,0,1,0,TRUE,FALSE,FALSE,FALSE,FALSE
MEDIUM,1017,0.74,5,0.49,2,19,0.72,7,9,6,1,14,0.11,0,5,0,7,1,0,0,2,5,14,3,20,0,0.3,0,1,0.285714,2,62,335,3,6239,404,0,0,0,0,5,0,0,0,5,0,0,7,0,0,0,0,0,7,0,0,0,0,7,0,0,2,FALSE,FALSE,FALSE,FALSE,FALSE
MEDIUM,1024,0.6,5,0.43,11,31,0.42,6,19,7,3,11,0.25,5,46,13,154,0,20,36,108,47,0,1,2378,80,0.272109,4,0.984425,0.620438,414,89,749,6,16063,950,0,8,20,17,2,0,9,0,38,0,9,129,3,20,2,0,0,154,1,0,0,1,153,105,0,3,TRUE,FALSE,FALSE,FALSE,FALSE
MEDIUM,1022,0.23,4,0.41,5,22,0.36,7,42,5,3,8,0.47,3,18,3,55,0,19,21,37,25,0,1,1179,51,0.439626,0,0.964444,0.627907,194,89,749,6,16063,950,0,0,23,0,2,0,0,0,25,0,0,43,5,0,7,0,0,55,0,0,0,0,55,36,0,1,TRUE,FALSE,FALSE,FALSE,FALSE
MEDIUM,1071,0.74,6,0.42,2,8,0.71,10,6,7,3,9,0.2,1,4,0,7,1,0,0,3,3,0,1,45,0,0.238095,0,0.777778,0.428571,3,6,16,0,467,20,0,0,3,0,0,0,0,0,3,0,0,7,0,0,0,0,0,7,0,0,0,0,7,3,0,0,FALSE,FALSE,FALSE,FALSE,FALSE
MEDIUM,987,0.24,4,0.48,9,26,0.36,8,30,7,3,14,0.5,0,4,0,5,0,0,0,1,4,0,1,35,0,0,0,1,0.2,1,14,40,0,1875,65,1,0,4,0,0,0,0,0,4,0,0,5,0,0,0,0,0,5,0,0,0,0,5,0,0,1,TRUE,FALSE,FALSE,TRUE,FALSE
MEDIUM,1067,0.6,4,0.52,6,25,0.37,6,37,7,2,11,0.54,1,10,0,11,0,0,0,1,5,0,1,47,0,0.111111,0,0.9,0.090909,1,29,75,0,5472,224,1,0,5,0,0,0,0,0,5,0,0,11,0,0,0,0,0,11,0,0,0,0,11,0,0,1,FALSE,FALSE,FALSE,FALSE,FALSE
MEDIUM,950,0.41,7,0.55,8,32,0.41,4,19,7,4,15,0.31,0,6,0,7,0,0,0,1,6,0,1,53,0,0,0,1,0.142857,1,29,163,2,7792,230,1,0,6,0,0,0,0,0,6,0,0,7,0,0,0,0,0,7,0,0,0,0,7,0,0,1,FALSE,FALSE,FALSE,FALSE,FALSE
MEDIUM,1057,0.2,3,0.43,8,34,0.41,8,26,7,2,12,0.49,1,6,0,8,0,0,1,2,6,5,2,18,1,0.2,2,1,0.181818,2,52,239,3,7639,261,0,3,3,0,0,3,3,3,3,0,0,8,0,0,0,0,0,8,0,0,0,0,8,0,0,2,FALSE,FALSE,FALSE,FALSE,FALSE
MEDIUM,922,0.23,3,0.55,10,35,0.46,9,30,3,1,7,0.45,0,0,0,7,0,17,2,7,1,0,1,1217,14,0.3,0,0.833333,1,167,52,239,3,7639,261,0,0,1,0,0,1,1,1,0,0,0,5,2,0,0,0,0,7,7,0,0,7,0,7,0,0,FALSE,FALSE,FALSE,FALSE,FALSE
MEDIUM,1099,0.49,6,0.44,8,24,0.36,8,20,6,1,17,0.23,1,10,0,12,0,0,0,2,5,0,1,55,0,0.111111,0,0.909091,0.166667,2,12,40,0,1908,62,1,0,5,0,0,0,0,0,5,0,0,12,0,0,0,0,0,12,0,0,0,0,12,0,0,2,TRUE,FALSE,FALSE,FALSE,FALSE
MEDIUM,905,0.4,4,0.54,5,28,0.39,4,37,7,3,10,0.43,0,6,0,7,0,0,0,1,6,0,1,49,0,0,0,1,0.142857,1,12,40,0,1908,62,1,0,6,0,0,0,0,0,6,0,0,7,0,0,0,0,0,7,0,0,0,0,7,0,0,1,FALSE,FALSE,FALSE,FALSE,FALSE
MEDIUM,1036,0.49,5,0.47,8,35,0.4,10,30,7,1,17,0.37,1,6,0,8,0,0,0,2,3,0,1,39,0,0.2,0,0.857143,0.25,2,20,63,0,2505,75,1,0,3,0,0,0,0,0,3,0,0,8,0,0,0,0,0,8,0,0,0,0,8,0,0,2,FALSE,FALSE,FALSE,FALSE,FALSE
MEDIUM,928,0.6,5,0.49,9,29,0.41,2,37,7,1,14,0.46,0,23,7,93,0,27,35,70,33,0,1,1324,71,0.347339,0,0.961792,0.744186,254,17,203,2,4016,326,0,0,33,0,0,0,8,0,25,0,8,86,7,0,0,0,0,93,6,0,0,6,87,69,0,1,TRUE,FALSE,FALSE,FALSE,FALSE
MEDIUM,1082,0.5,6,0.45,9,29,0.49,6,25,3,2,9,0.26,0,0,11,7,1,34,9,7,9,158,7,5126,23,0,0,1,0.8,181,33,103,0,6189,111,0,1,8,0,0,1,2,1,7,0,1,4,3,0,0,0,0,7,4,0,0,4,3,7,0,0,FALSE,FALSE,FALSE,FALSE,FALSE
MEDIUM,899,0.66,4,0.46,7,34,0.4,7,21,6,1,14,0.5,0,0,11,8,1,34,11,8,9,158,7,5349,25,0,0,1,0.8,185,41,113,0,6405,121,0,1,8,0,0,1,2,1,7,0,1,4,4,0,0,0,0,8,5,0,0,5,3,8,0,0,FALSE,FALSE,FALSE,FALSE,FALSE
MEDIUM,989,0.47,3,0.53,9,28,0.42,6,37,3,3,12,0.47,0,6,0,10,0,2,4,4,4,4,2,33,4,0.166667,0,0.861111,0.4,4,2,8,0,145,14,0,0,4,0,0,0,0,0,4,0,0,10,0,0,0,0,0,10,0,0,0,0,10,3,0,1,FALSE,FALSE,FALSE,FALSE,FALSE
MEDIUM,927,0.37,6,0.43,10,34,0.44,7,20,5,2,6,0.26,0,22,0,23,0,0,0,1,13,0,1,69,0,0.044118,0,0.968531,0,1,2,5,0,475,43,0,2,11,0,0,2,2,2,11,0,0,17,5,1,0,0,0,23,0,0,0,0,23,0,0,1,FALSE,FALSE,TRUE,FALSE,FALSE
MEDIUM,946,0.41,3,0.46,10,22,0.4,8,18,7,4,11,0.44,0,22,0,22,0,0,0,0,12,0,1,8,0,0.047619,0,0.960317,0,0,1,0,0,224,22,0,1,11,0,0,1,1,1,11,0,0,23,0,0,0,0,0,23,0,0,0,0,23,0,1,0,TRUE,FALSE,FALSE,FALSE,FALSE
MEDIUM,1091,0.36,7,0.54,8,26,0.49,8,17,3,4,15,0.47,0,10,0,10,0,0,0,0,8,0,1,9,0,0.111111,0,0.972222,0,0,9,10,0,1119,136,0,3,5,0,0,3,3,3,5,0,0,11,0,0,0,0,0,11,0,0,0,0,11,0,1,0,TRUE,FALSE,FALSE,FALSE,FALSE
MEDIUM,958,0.36,6,0.52,9,33,0.35,10,39,5,2,15,0.55,0,14,0,15,0,0,0,1,13,0,1,7,0,0.076923,0,0.994505,0.047619,1,9,10,0,1119,136,0,6,7,0,0,6,6,6,7,0,0,15,0,0,0,0,0,15,0,0,0,0,15,0,0,1,TRUE,FALSE,FALSE,FALSE,FALSE
MEDIUM,1050,0.6,3,0.43,9,30,0.44,4,16,7,1,18,0.37,0,14,0,15,0,0,0,1,11,0,1,3,0,0.076923,0,0.980519,0.052632,1,9,10,0,1119,136,0,4,7,0,0,4,4,4,7,0,0,15,0,0,0,0,0,15,0,0,0,0,15,0,0,1,TRUE,FALSE,FALSE,FALSE,FALSE
MEDIUM,1042,0.56,4,0.47,5,23,0.44,3,22,3,1,6,0.36,0,8,0,8,0,0,0,0,6,0,1,6,0,0.142857,0,0.952381,0,0,9,10,0,1119,136,0,2,4,0,0,2,2,2,4,0,0,9,0,0,0,0,0,9,0,0,0,0,9,0,1,0,TRUE,FALSE,FALSE,FALSE,FALSE
MEDIUM,927,0.46,3,0.53,5,32,0.39,4,19,3,4,12,0.52,0,14,0,15,0,0,0,1,10,0,1,1,0,0.076923,0,0.971429,0.055556,1,9,10,0,1119,136,0,3,7,0,0,3,3,3,7,0,0,15,0,0,0,0,0,15,0,0,0,0,15,0,0,1,TRUE,FALSE,FALSE,FALSE,FALSE
MEDIUM,969,0.72,3,0.45,3,14,0.82,9,2,4,3,16,0.12,1,17,1,75,0,110,38,58,15,0,1,1767,103,0.402899,0,0.926126,0.757143,285,6,126,2,2701,156,0,0,15,0,0,0,1,0,14,0,1,70,5,0,0,0,0,75,1,0,0,1,74,58,0,0,TRUE,FALSE,FALSE,FALSE,FALSE
MEDIUM,957,0.3,4,0.44,6,28,0.4,9,23,4,1,6,0.48,1,18,0,82,0,90,39,64,19,0,1,1678,96,0.41396,0,0.905783,0.735294,283,3,126,4,2443,144,0,0,19,0,0,0,0,0,19,0,0,68,13,1,0,0,0,82,0,0,0,0,82,63,0,1,TRUE,TRUE,FALSE,FALSE,FALSE
MEDIUM,896,0.45,6,0.46,7,23,0.5,3,21,6,4,14,0.51,2,0,1,38,2,19,22,38,22,114,2,1241,55,0.458498,0,0.922604,0.892857,121,13,166,0,5176,173,0,3,19,0,0,13,6,6,9,7,0,25,13,0,0,0,0,38,0,0,0,0,38,34,0,4,TRUE,FALSE,FALSE,FALSE,FALSE
MEDIUM,1075,0.38,5,0.41,10,31,0.37,8,36,6,4,17,0.44,1,0,4,43,2,36,23,43,17,114,2,1958,53,0.333333,0,0.94958,1,251,13,166,0,5176,173,0,0,17,0,0,12,2,2,5,10,0,5,38,0,0,0,0,43,0,0,0,0,43,41,0,2,TRUE,FALSE,FALSE,FALSE,FALSE
MEDIUM,958,0.4,5,0.45,5,24,0.42,3,17,7,1,14,0.35,0,0,0,36,0,0,1,36,2,0,1,818,2,0.001783,0,0.985714,0.971429,118,6,64,0,1401,74,0,1,1,0,0,1,2,1,0,0,1,34,2,0,0,2,0,34,36,2,0,34,0,36,0,0,TRUE,FALSE,FALSE,FALSE,FALSE
MEDIUM,932,0.74,3,0.54,4,14,0.73,6,8,6,3,6,0.17,0,8,0,9,0,0,1,1,8,0,1,10,2,0,0,1,0.111111,3,6,64,0,1401,74,0,0,8,0,0,0,0,0,8,0,0,9,0,0,0,0,0,9,0,0,0,0,9,0,0,1,TRUE,TRUE,FALSE,FALSE,FALSE
MEDIUM,932,0.46,7,0.55,9,26,0.46,7,42,5,2,17,0.43,2,24,0,27,0,0,0,3,13,0,1,11,0,0.04,0,0.961538,0.111111,3,31,350,5,6541,696,0,0,13,0,0,0,0,0,13,0,0,27,0,0,0,0,0,27,0,0,0,0,27,2,0,1,TRUE,FALSE,FALSE,TRUE,FALSE
MEDIUM,1092,0.46,6,0.45,8,34,0.37,7,15,5,4,9,0.4,2,12,0,13,0,0,0,1,6,0,1,7,0,0.090909,0,0.916667,0.076923,1,31,350,5,6541,696,0,0,6,0,0,0,0,0,6,0,0,13,0,0,0,0,0,13,0,0,0,0,13,0,0,1,TRUE,TRUE,FALSE,FALSE,FALSE
MEDIUM,1099,0.22,7,0.44,11,32,0.4,4,26,3,2,6,0.28,0,10,0,11,0,0,0,1,5,0,1,2,0,0.111111,0,0.9,0.090909,1,4,32,2,427,42,0,0,5,0,0,0,0,0,5,0,0,11,0,0,0,0,0,11,0,0,0,0,11,0,0,1,TRUE,FALSE,FALSE,FALSE,FALSE
MEDIUM,899,0.72,3,0.47,3,8,0.86,5,5,6,4,8,0.16,0,14,0,14,0,0,0,0,7,0,1,68,0,0.076923,0,0.923077,0,0,9,47,0,1185,109,0,0,7,0,0,0,0,0,7,0,0,15,0,0,0,0,0,15,0,0,0,0,15,0,1,0,TRUE,FALSE,FALSE,FALSE,FALSE
MEDIUM,942,0.48,5,0.47,5,27,0.47,3,20,7,3,8,0.46,0,14,0,14,0,0,0,0,7,0,1,68,0,0.076923,0,0.923077,0,0,7,14,0,516,56,0,0,7,0,0,0,0,0,7,0,0,15,0,0,0,0,0,15,0,0,0,0,15,0,1,0,TRUE,FALSE,FALSE,FALSE,FALSE
NON-SEVERE,1048,0.69,3,0.46,1,18,0.7,2,8,3,4,18,0.18,0,8,0,8,0,0,0,0,4,0,1,47,0,0.142857,0,0.857143,0,0,14,26,0,817,116,0,0,4,0,0,0,0,0,4,0,0,9,0,0,0,0,0,9,0,0,0,0,9,0,1,0,TRUE,FALSE,FALSE,FALSE,FALSE
MEDIUM,1073,0.74,4,0.47,3,17,0.81,7,5,3,1,6,0.19,0,12,0,14,0,1,5,2,8,16,3,108,5,0.121212,0,0.942308,0.142857,18,14,48,0,1803,162,0,0,8,0,0,1,2,1,6,0,1,14,0,0,0,0,0,14,0,0,0,0,14,0,0,2,FALSE,FALSE,FALSE,FALSE,FALSE
MEDIUM,1051,0.37,4,0.48,11,25,0.45,10,39,6,4,14,0.3,0,0,0,9,0,36,23,9,4,0,1,429,57,0.642857,0,0.78125,1,50,21,165,0,9721,166,0,0,4,0,0,1,3,1,1,0,2,8,0,0,1,0,0,9,0,0,0,0,9,8,0,1,TRUE,FALSE,FALSE,FALSE,FALSE
SEVERE,934,0.74,6,0.47,2,17,0.88,9,3,3,3,11,0.14,0,1,0,3,0,1,1,2,3,0,1,16,0,1,0,0.833333,0.666667,2,134,428,2,12585,454,1,0,0,3,0,0,0,0,3,0,0,3,0,0,0,0,0,3,0,0,0,0,3,1,0,1,TRUE,FALSE,FALSE,FALSE,FALSE
SEVERE,1016,0.26,11,0.52,8,48,0.09,9,117,7,4,16,0.82,1,27,0,31,0,2,4,4,14,0,1,44,6,0.045977,0,0.959524,0.1,8,6,38,2,863,73,0,0,14,0,0,0,0,0,14,0,0,31,1,0,0,0,0,32,1,0,0,1,31,4,1,0,TRUE,FALSE,FALSE,FALSE,FALSE
SEVERE,998,0.13,14,0.41,6,65,0.05,6,97,4,2,11,0.76,3,5,0,100,0,9,33,95,46,0,1,3446,103,0.500947,1,0.956083,0.94186,467,21,233,6,10160,347,0,0,1,45,0,2,3,2,43,0,1,86,0,14,0,30,0,70,7,0,30,7,63,93,0,2,TRUE,FALSE,FALSE,FALSE,FALSE
SEVERE,1024,0.23,20,0.5,11,70,0.04,3,81,3,2,15,0.55,11,16,1,60,0,39,33,44,34,520,5,1866,50,0.263645,0,0.955135,0.666667,271,324,1378,38,36313,1878,0,1,19,14,0,2,5,2,29,0,3,47,12,1,0,0,0,60,0,0,0,0,60,43,0,1,TRUE,FALSE,FALSE,FALSE,FALSE
MEDIUM,966,0.36,6,0.55,9,34,0.35,6,25,4,3,14,0.34,1,1,0,3,0,8,21,2,18,0,1,407,137,1,0,0.972222,0.666667,135,21,165,0,9721,166,0,0,13,5,0,2,2,1,15,1,1,3,0,0,0,0,0,3,0,0,0,0,3,1,0,1,TRUE,FALSE,FALSE,FALSE,FALSE
MEDIUM,958,0.66,6,0.48,9,31,0.47,5,14,6,3,8,0.35,0,4,0,4,0,0,0,0,2,0,1,0,0,0.333333,0,0.666667,0,0,22,492,7,6260,600,0,0,0,0,2,0,0,0,2,0,0,2,0,0,3,0,0,5,0,0,0,0,5,0,1,0,TRUE,FALSE,FALSE,FALSE,FALSE
MEDIUM,1083,0.27,5,0.45,8,34,0.41,6,15,6,3,11,0.23,0,6,0,6,0,0,0,0,3,0,1,28,0,0.2,0,0.8,0,0,22,492,7,6260,600,0,0,3,0,0,0,0,0,3,0,0,7,0,0,0,0,0,7,0,0,0,0,7,0,1,0,TRUE,FALSE,FALSE,FALSE,FALSE
MEDIUM,1066,0.62,7,0.46,8,28,0.45,4,16,6,4,8,0.28,0,0,0,1,0,0,0,1,17,0,1,69,0,1,0,0,0,1,11,431,1,3562,432,0,17,0,0,0,17,17,17,0,0,0,0,1,0,0,0,0,1,0,0,0,0,1,0,0,1,TRUE,FALSE,FALSE,FALSE,FALSE
MEDIUM,1074,0.56,3,0.49,6,33,0.46,6,42,5,4,11,0.31,0,0,0,1,0,0,0,1,42,0,1,79,0,1,0,0,0,1,11,431,1,3562,432,0,42,0,0,0,42,42,42,0,0,0,0,1,0,0,0,0,1,0,0,0,0,1,0,0,1,TRUE,FALSE,FALSE,FALSE,FALSE
MEDIUM,898,0.61,5,0.5,7,32,0.35,8,20,6,2,8,0.41,0,14,0,14,0,0,0,0,7,0,1,59,0,0.076923,0,0.923077,0,0,32,426,20,5272,1009,0,0,7,0,0,0,0,0,7,0,0,15,0,0,0,0,0,15,0,0,0,0,15,0,1,0,TRUE,FALSE,FALSE,FALSE,FALSE
MEDIUM,986,0.41,3,0.54,6,24,0.38,2,25,4,4,13,0.28,0,42,0,42,0,0,0,0,26,0,1,204,0,0.02439,0,0.984991,0,0,32,426,20,5272,1009,0,5,21,0,0,5,5,5,21,0,0,43,0,0,0,0,0,43,0,0,0,0,43,0,1,0,TRUE,FALSE,FALSE,FALSE,FALSE
MEDIUM,1098,0.21,4,0.52,5,34,0.38,9,15,3,2,15,0.5,0,14,0,14,0,0,0,0,7,0,1,59,0,0.076923,0,0.923077,0,0,32,426,20,5272,1009,0,0,7,0,0,0,0,0,7,0,0,14,0,0,0,0,0,14,0,0,0,0,14,0,0,0,TRUE,FALSE,FALSE,FALSE,FALSE
MEDIUM,1086,0.2,7,0.48,5,32,0.46,7,28,5,2,11,0.3,1,4,0,7,1,0,0,3,15,0,1,68,0,0.2,0,1,0.176471,4,43,200,0,4916,206,0,10,5,0,0,11,11,11,4,0,0,7,0,0,0,0,0,7,1,0,0,1,6,2,0,1,TRUE,FALSE,FALSE,FALSE,FALSE
MEDIUM,1027,0.51,5,0.49,9,33,0.38,3,19,7,2,12,0.38,4,1,1,52,?,13,19,51,37,?,6,1315,94,0.272727,1,0.966084,?,134,34,356,2,8244,383,0,11,6,19,1,18,23,18,14,0,5,22,18,11,1,0,6,46,1,0,0,1,51,50,0,1,TRUE,FALSE,FALSE,FALSE,FALSE
MEDIUM,921,0.74,4,0.42,3,18,0.84,9,4,6,1,6,0.14,0,0,3,1,0,0,5,1,11,536,6,117,7,1,0,0,0.083333,8,114,326,8,5423,440,0,11,0,0,0,7,10,7,1,0,3,1,0,0,0,0,0,1,0,0,0,0,1,0,0,1,TRUE,FALSE,FALSE,TRUE,FALSE
MEDIUM,941,0.62,3,0.41,6,27,0.49,2,26,3,2,7,0.26,0,8,0,9,0,0,8,1,9,0,1,7,8,0,0,1,0.111111,1,9,39,0,266,47,0,0,9,0,0,0,0,0,9,0,0,9,0,0,0,0,0,9,0,0,0,0,9,0,0,1,TRUE,TRUE,FALSE,FALSE,FALSE
NON-SEVERE,1050,0.36,10,0.43,5,41,0.05,3,171,3,2,8,0.77,0,6,0,8,0,0,0,2,4,0,1,11,0,0.142857,0,0.857143,0.25,2,14,26,0,817,116,0,0,4,0,0,0,0,0,4,0,0,9,0,0,0,0,0,9,0,0,0,0,9,2,1,0,FALSE,FALSE,TRUE,FALSE,FALSE
MEDIUM,931,0.41,7,0.45,5,22,0.49,2,18,3,3,18,0.42,1,6,0,7,0,0,1,1,6,0,1,11,4,0,0,1,0,1,13,115,4,1249,179,1,0,6,0,0,6,0,0,0,6,0,6,0,0,1,0,0,7,0,0,0,0,7,0,0,1,FALSE,FALSE,TRUE,TRUE,FALSE
NON-SEVERE,1040,0.17,19,0.53,5,40,0.02,4,200,4,1,18,0.83,0,16,0,16,0,0,0,0,8,0,1,91,0,0.066667,0,0.933333,0,0,14,26,0,817,116,0,0,8,0,0,0,0,0,8,0,0,17,0,0,0,0,0,17,0,0,0,0,17,0,1,0,FALSE,FALSE,TRUE,TRUE,FALSE
NON-SEVERE,924,0.69,4,0.53,1,18,0.7,4,10,7,3,8,0.1,0,0,0,5,0,0,2,5,0,45,6,29,2,0,0,0,1,5,26,159,0,2303,198,0,0,0,0,0,0,0,0,0,0,0,2,0,3,0,0,0,5,0,0,0,0,5,4,0,1,FALSE,FALSE,TRUE,FALSE,FALSE
NON-SEVERE,1044,0.42,3,0.51,7,32,0.39,3,16,7,2,6,0.37,1,1,0,7,1,2,2,6,1,44,6,38,4,1,0,0.166667,0.75,6,26,159,0,2303,198,0,0,1,0,0,0,0,0,1,0,0,4,0,3,0,0,0,7,0,0,0,0,7,5,0,1,FALSE,FALSE,TRUE,FALSE,FALSE
MEDIUM,931,0.48,7,0.41,6,24,0.35,3,14,5,1,15,0.37,0,4,0,7,0,0,1,3,8,0,1,35,0,0,0,1,0.2,3,50,372,17,3878,507,0,4,2,2,0,8,4,4,0,4,0,6,0,0,1,0,0,7,0,0,0,0,7,0,0,3,FALSE,FALSE,TRUE,FALSE,FALSE
NON-SEVERE,992,0.75,6,0.51,2,19,0.75,10,3,6,2,15,0.16,0,0,0,6,1,3,2,6,0,44,6,39,2,0,0,0,1,8,26,159,0,2303,198,0,0,0,0,0,0,0,0,0,0,0,3,0,3,0,0,0,6,0,0,0,0,6,5,0,1,FALSE,FALSE,TRUE,FALSE,FALSE
MEDIUM,1021,0.59,4,0.54,11,23,0.5,10,36,3,4,6,0.4,0,3,0,4,0,0,0,1,3,0,1,7,0,0,0,1,0.142857,1,23,118,4,1473,146,0,3,0,0,0,0,0,0,3,0,0,4,0,0,0,0,0,4,0,0,0,0,4,0,0,1,FALSE,FALSE,TRUE,FALSE,FALSE
NON-SEVERE,1077,0.26,7,0.42,7,50,0.06,10,64,3,1,12,0.63,2,0,0,66,0,0,0,66,5,51,2,1917,0,0.007519,0,0.996923,0.919355,785,18,408,4,12655,440,0,5,0,0,0,5,5,5,0,0,0,57,5,4,0,61,0,5,5,5,56,0,5,62,0,4,FALSE,FALSE,TRUE,FALSE,FALSE
MEDIUM,1073,0.34,4,0.51,5,22,0.37,2,21,5,3,18,0.47,1,5,4,45,1,28,32,40,26,8,2,1029,78,0.161905,0,0.957168,0.6,150,92,431,12,6097,576,0,4,22,0,0,5,6,5,20,0,1,16,29,0,0,1,0,44,0,0,1,0,44,39,0,1,FALSE,FALSE,TRUE,FALSE,FALSE
NON-SEVERE,918,0.73,6,0.48,1,11,0.8,9,4,6,4,9,0.12,1,0,2,7,0,13,6,7,6,0,1,301,8,0,0,1,1,48,7,41,1,928,41,0,0,0,0,6,0,0,0,6,0,0,4,3,0,0,0,0,7,0,0,0,0,7,6,0,1,FALSE,FALSE,TRUE,FALSE,FALSE
NON-SEVERE,995,0.18,10,0.54,6,46,0.1,6,56,3,2,18,0.75,0,0,0,2,0,0,0,2,0,15,3,8,0,1,0,0,1,2,7,41,1,928,41,0,0,0,0,0,0,0,0,0,0,0,2,0,0,0,0,0,2,0,0,0,0,2,0,0,2,FALSE,FALSE,TRUE,FALSE,FALSE
MEDIUM,1053,0.25,3,0.5,10,25,0.46,8,39,4,2,12,0.3,0,0,0,9,0,1,4,9,0,3,2,82,3,0,0,0,1,10,16,79,0,921,95,0,0,0,0,0,0,0,0,0,0,0,9,0,0,0,0,0,9,0,0,0,0,9,8,0,1,FALSE,FALSE,TRUE,FALSE,FALSE
MEDIUM,959,0.35,6,0.52,11,32,0.46,8,42,6,2,12,0.44,0,8,0,9,0,0,0,1,4,0,1,43,0,0.285714,0,0.875,0.111111,1,78,319,10,3615,375,0,0,4,0,0,0,0,0,4,0,0,9,0,0,0,0,0,9,0,0,0,0,9,0,0,1,FALSE,FALSE,TRUE,FALSE,FALSE
MEDIUM,953,0.44,5,0.49,6,28,0.35,3,33,3,1,8,0.23,1,4,0,8,0,0,0,4,4,0,1,20,0,0.333333,0,0.857143,0.5,5,16,74,3,1295,78,1,0,4,0,0,2,0,0,2,2,0,8,0,0,0,0,0,8,0,0,0,0,8,2,0,2,TRUE,FALSE,TRUE,FALSE,FALSE
MEDIUM,927,0.64,3,0.42,8,22,0.46,6,42,7,1,16,0.28,0,0,0,6,0,0,0,6,2,0,1,33,0,1,3,0.9,1,7,2,28,0,293,31,0,0,2,0,0,2,1,1,0,1,0,3,1,2,0,0,0,6,0,0,0,0,6,3,0,3,TRUE,FALSE,TRUE,FALSE,FALSE
MEDIUM,1054,0.32,4,0.47,8,22,0.4,3,15,7,3,9,0.33,0,3,0,5,0,0,0,2,7,0,1,41,0,0,0,1,0.222222,2,5,32,1,366,40,0,4,3,0,0,4,4,4,3,0,0,5,0,0,0,0,0,5,0,0,0,0,5,0,0,2,TRUE,FALSE,TRUE,FALSE,FALSE
NON-SEVERE,1032,0.33,10,0.53,11,72,0.04,3,192,3,3,17,0.6,0,0,0,2,0,0,0,2,0,2,2,12,0,0,0,0,1,4,7,41,1,928,41,1,0,0,0,0,0,0,0,0,0,0,3,0,0,0,0,0,3,0,0,0,0,3,2,1,0,FALSE,TRUE,TRUE,FALSE,FALSE
NON-SEVERE,979,0.45,6,0.44,9,27,0.47,5,24,4,3,15,0.25,1,0,3,22,0,25,15,22,4,0,1,603,21,0.333333,0,0.964286,1,114,7,41,1,928,41,0,0,0,0,4,0,2,0,2,0,2,4,18,0,0,0,0,22,0,0,0,0,22,21,0,1,FALSE,FALSE,TRUE,FALSE,FALSE
NON-SEVERE,937,0.7,4,0.55,3,20,0.84,7,2,5,2,10,0.19,1,2,9,33,0,29,28,31,36,531,6,1015,46,0.3,0,0.94184,1,68,153,385,0,6579,454,0,0,0,0,36,0,0,0,36,0,0,4,27,2,0,0,0,33,0,0,0,0,33,30,0,1,TRUE,FALSE,FALSE,FALSE,FALSE
NON-SEVERE,926,0.71,7,0.46,3,13,0.73,10,6,5,2,18,0.1,0,0,0,1,0,0,0,1,4,0,1,38,0,1,0,0,0,1,2,5,0,71,5,0,4,0,0,0,4,4,4,0,0,0,0,1,0,0,0,0,1,0,0,0,0,1,0,0,1,TRUE,FALSE,FALSE,FALSE,FALSE
NON-SEVERE,945,0.11,8,0.51,8,49,0.05,3,118,6,2,9,0.85,0,8,0,10,0,0,1,2,4,0,1,22,1,0.142857,0,0.888889,0,3,61,399,1,14229,466,0,0,4,0,0,0,0,0,4,0,0,4,0,0,6,0,0,10,0,0,0,0,10,0,0,2,TRUE,FALSE,FALSE,FALSE,FALSE
NON-SEVERE,1039,0.72,4,0.52,1,17,0.84,9,5,4,1,7,0.19,0,0,0,18,0,39,11,18,14,20,2,1172,20,0.461538,0,0.894958,1,238,61,399,1,14229,466,0,0,9,0,5,3,14,3,0,0,11,1,5,0,12,0,0,18,18,0,0,18,0,18,0,0,TRUE,FALSE,FALSE,FALSE,FALSE
NON-SEVERE,977,0.07,17,0.5,6,40,0.11,3,90,7,4,10,0.67,0,7,0,9,1,0,1,2,4,8,2,30,1,0.166667,0,0.84375,0.222222,2,61,399,1,14229,466,0,0,4,0,0,0,0,0,4,0,0,9,0,0,0,0,0,9,0,0,0,0,9,2,0,0,TRUE,FALSE,FALSE,FALSE,FALSE
MEDIUM,892,0.57,6,0.49,10,29,0.36,3,37,7,1,9,0.53,0,7,0,8,0,0,0,1,7,0,1,12,0,0,0,1,0.125,1,3,11,0,224,24,0,0,7,0,0,0,0,0,7,0,0,8,0,0,0,0,0,8,0,0,0,0,8,0,0,1,TRUE,FALSE,FALSE,FALSE,FALSE
MEDIUM,1068,0.66,5,0.47,5,34,0.36,9,38,3,1,7,0.25,0,3,0,5,0,3,2,2,4,43,3,40,4,0,0,1,0.222222,5,6,20,0,453,35,0,4,0,0,0,4,4,4,0,0,0,5,0,0,0,0,0,5,0,0,0,0,5,1,0,1,TRUE,FALSE,FALSE,FALSE,FALSE
MEDIUM,935,0.59,6,0.55,7,26,0.45,6,22,3,1,16,0.42,0,6,0,8,0,4,3,2,0,43,3,21,4,0,0,0,0.25,4,6,20,0,453,35,0,0,0,0,0,0,0,0,0,0,0,8,0,0,0,0,0,8,0,0,0,0,8,0,0,2,TRUE,FALSE,FALSE,FALSE,FALSE
MEDIUM,1091,0.46,4,0.42,11,24,0.47,8,27,5,1,9,0.36,0,20,0,25,1,2,1,5,11,0,1,114,2,0.202899,0,0.882576,0.192308,8,24,154,0,3513,212,0,1,10,0,0,1,1,1,10,0,0,25,0,0,0,0,0,25,1,0,0,1,24,4,0,1,TRUE,FALSE,FALSE,FALSE,FALSE
NON-SEVERE,1082,0.72,5,0.45,4,7,0.84,8,7,5,4,16,0.14,0,4,0,4,0,0,0,0,14,0,1,63,0,0.333333,0,1,0,0,61,399,1,14229,466,0,12,2,0,0,5,5,5,9,0,0,5,0,0,0,0,0,5,0,0,0,0,5,0,1,0,TRUE,FALSE,FALSE,FALSE,FALSE
NON-SEVERE,966,0.75,6,0.55,2,20,0.7,10,10,3,3,16,0.17,2,0,2,17,?,3,7,17,10,?,7,571,19,0.363636,1,0.89375,?,45,33,165,1,3052,176,0,0,10,0,0,0,0,0,10,0,0,9,4,4,0,0,2,15,0,0,0,0,17,15,0,2,TRUE,FALSE,TRUE,FALSE,FALSE
NON-SEVERE,1076,0.72,7,0.55,3,17,0.79,8,9,3,1,7,0.2,0,0,0,2,0,2,2,2,2,574,6,66,2,1,0,1,1,8,33,165,1,3052,176,1,0,2,0,0,0,0,0,2,0,0,2,0,0,0,0,0,2,0,0,0,0,2,1,0,1,TRUE,FALSE,TRUE,FALSE,FALSE
NON-SEVERE,908,0.69,4,0.55,1,14,0.76,9,9,3,1,16,0.14,0,0,3,7,?,0,5,7,1,?,6,239,7,0,5,1,?,27,33,165,1,3052,176,0,0,0,1,0,0,0,0,1,0,0,6,1,0,0,0,2,5,2,0,0,2,5,5,0,2,TRUE,FALSE,TRUE,FALSE,FALSE
NON-SEVERE,985,0.19,8,0.47,7,60,0.03,8,142,5,1,9,0.76,0,4,1,10,0,1,4,6,5,541,7,91,7,0.190476,0,0.955556,0.5,6,33,165,1,3052,176,0,0,5,0,0,0,0,0,5,0,0,8,2,0,0,0,0,10,0,0,0,0,10,5,0,1,TRUE,FALSE,TRUE,FALSE,FALSE
MEDIUM,1030,0.28,4,0.41,8,27,0.49,7,14,3,1,17,0.31,0,6,0,7,0,6,1,1,0,43,3,3,2,0,0,0,0.142857,1,13,23,0,738,62,0,0,0,0,0,0,0,0,0,0,0,7,0,0,0,0,0,7,0,0,0,0,7,0,0,1,TRUE,FALSE,TRUE,FALSE,FALSE
NON-SEVERE,973,0.53,6,0.52,5,31,0.46,10,37,5,4,17,0.52,0,1,1,40,0,14,17,39,16,0,1,1234,46,0.239683,0,0.959936,0.921053,132,22,154,1,4151,176,0,2,14,0,0,6,16,6,0,0,10,36,4,0,0,9,0,31,38,9,0,29,2,38,0,1,TRUE,FALSE,TRUE,FALSE,FALSE
MEDIUM,916,0.59,6,0.53,6,32,0.37,3,35,5,4,18,0.27,0,6,0,7,0,6,1,1,0,43,3,3,2,0,0,0,0.142857,1,13,23,0,738,62,0,0,0,0,0,0,0,0,0,0,0,7,0,0,0,0,0,7,0,0,0,0,7,0,0,1,TRUE,FALSE,TRUE,FALSE,FALSE
MEDIUM,1087,0.72,5,0.42,3,5,0.82,4,5,5,3,10,0.1,0,54,0,105,?,14,27,51,65,?,2,1339,49,0.04601,7,0.993047,?,202,42,592,8,13290,817,0,24,6,34,1,24,25,24,40,0,1,102,1,2,0,0,0,105,16,0,0,16,89,49,0,2,TRUE,FALSE,TRUE,FALSE,FALSE
MEDIUM,896,0.41,7,0.53,6,27,0.44,6,42,7,2,16,0.51,0,0,0,1,0,0,1,1,15,63,5,38,1,1,0,0,0.066667,1,10,53,0,916,55,0,14,1,0,0,15,15,15,0,0,0,1,0,0,0,0,0,1,0,0,0,0,1,0,0,1,TRUE,FALSE,TRUE,FALSE,FALSE
MEDIUM,1074,0.22,3,0.55,9,31,0.48,3,40,4,4,10,0.5,0,9,0,12,0,0,1,3,10,0,1,57,1,0,0,1,0.25,3,54,179,4,2936,197,0,0,0,0,10,0,0,0,10,0,0,12,0,0,0,0,0,12,0,0,0,0,12,1,0,2,TRUE,FALSE,TRUE,FALSE,FALSE
MEDIUM,957,0.37,5,0.55,7,25,0.38,10,32,5,1,8,0.42,0,37,0,63,0,63,20,26,55,0,1,1079,56,0.311475,0,0.959531,0.289855,216,245,2644,11,73431,3557,0,13,10,32,0,16,16,16,39,0,0,56,1,6,0,0,0,63,6,0,0,6,57,25,0,1,TRUE,FALSE,TRUE,FALSE,FALSE
MEDIUM,902,0.65,7,0.47,10,29,0.44,2,20,6,1,12,0.54,0,18,1,64,17,126,50,46,22,154,3,1395,178,0.330216,0,0.955267,0.444444,335,245,2644,11,73431,3557,0,0,1,14,7,0,0,0,22,0,0,18,4,4,38,0,0,64,2,0,0,2,62,45,0,1,TRUE,FALSE,TRUE,FALSE,FALSE
MEDIUM,991,0.49,3,0.55,6,31,0.43,10,37,3,3,7,0.3,0,25,4,76,10,163,60,51,49,35,2,2147,227,0.405045,0,0.961088,0.722222,363,245,2644,11,73431,3557,0,0,1,45,3,2,2,2,47,0,0,18,0,11,47,0,0,76,0,0,0,0,76,50,0,1,TRUE,FALSE,TRUE,FALSE,FALSE
MEDIUM,929,0.7,7,0.55,3,8,0.73,8,7,6,3,17,0.16,0,8,3,42,1,26,20,34,28,67,2,1371,47,0.356275,2,0.924216,0.5,250,245,2644,11,73431,3557,0,0,0,27,1,1,1,1,27,0,0,12,1,14,15,0,0,42,2,0,0,2,40,32,0,2,TRUE,TRUE,FALSE,FALSE,FALSE
MEDIUM,1082,0.31,4,0.43,11,25,0.45,6,41,3,4,13,0.37,1,19,1,139,0,169,35,120,46,0,1,3336,133,0.468492,1,0.977158,0.833333,703,245,2644,11,73431,3557,0,1,13,28,4,3,4,3,42,0,1,101,9,21,8,1,0,138,24,0,1,24,114,108,0,12,TRUE,FALSE,FALSE,FALSE,FALSE
MEDIUM,952,0.61,5,0.54,10,30,0.45,8,19,3,2,7,0.41,0,3,4,40,?,13,20,37,18,?,1,1062,30,0.011765,4,1,?,90,27,175,3,3728,200,0,13,5,0,0,13,15,13,3,0,2,35,2,3,0,0,0,40,4,0,0,4,36,34,0,3,TRUE,FALSE,FALSE,FALSE,FALSE
NON-SEVERE,957,0.72,4,0.51,0,13,0.7,5,2,4,2,6,0.16,1,8,0,11,0,0,0,3,4,0,1,43,0,0.142857,0,0.9,0.272727,3,15,154,2,4404,202,0,0,4,0,0,0,0,0,4,0,0,11,0,0,0,0,0,11,0,0,0,0,11,0,0,3,TRUE,TRUE,FALSE,TRUE,FALSE
NON-SEVERE,983,0.72,6,0.45,3,9,0.88,4,2,4,2,16,0.16,0,0,0,1,0,0,1,1,0,6,2,8,1,1,0,0,1,2,8,20,0,147,20,0,0,0,0,0,0,0,0,0,0,0,2,0,0,0,0,0,2,0,0,0,0,2,1,1,0,TRUE,FALSE,FALSE,TRUE,FALSE
